DATE,DPRIME
2007-12-31,7.25
2008-01-01,.
2008-01-02,7.25
2008-01-03,7.25
2008-01-04,7.25
2008-01-07,7.25
2008-01-08,7.25
2008-01-09,7.25
2008-01-10,7.25
2008-01-11,7.25
2008-01-14,7.25
2008-01-15,7.25
2008-01-16,7.25
2008-01-17,7.25
2008-01-18,7.25
2008-01-21,.
2008-01-22,6.50
2008-01-23,6.50
2008-01-24,6.50
2008-01-25,6.50
2008-01-28,6.50
2008-01-29,6.50
2008-01-30,6.00
2008-01-31,6.00
2008-02-01,6.00
2008-02-04,6.00
2008-02-05,6.00
2008-02-06,6.00
2008-02-07,6.00
2008-02-08,6.00
2008-02-11,6.00
2008-02-12,6.00
2008-02-13,6.00
2008-02-14,6.00
2008-02-15,6.00
2008-02-18,.
2008-02-19,6.00
2008-02-20,6.00
2008-02-21,6.00
2008-02-22,6.00
2008-02-25,6.00
2008-02-26,6.00
2008-02-27,6.00
2008-02-28,6.00
2008-02-29,6.00
2008-03-03,6.00
2008-03-04,6.00
2008-03-05,6.00
2008-03-06,6.00
2008-03-07,6.00
2008-03-10,6.00
2008-03-11,6.00
2008-03-12,6.00
2008-03-13,6.00
2008-03-14,6.00
2008-03-17,6.00
2008-03-18,5.25
2008-03-19,5.25
2008-03-20,5.25
2008-03-21,5.25
2008-03-24,5.25
2008-03-25,5.25
2008-03-26,5.25
2008-03-27,5.25
2008-03-28,5.25
2008-03-31,5.25
2008-04-01,5.25
2008-04-02,5.25
2008-04-03,5.25
2008-04-04,5.25
2008-04-07,5.25
2008-04-08,5.25
2008-04-09,5.25
2008-04-10,5.25
2008-04-11,5.25
2008-04-14,5.25
2008-04-15,5.25
2008-04-16,5.25
2008-04-17,5.25
2008-04-18,5.25
2008-04-21,5.25
2008-04-22,5.25
2008-04-23,5.25
2008-04-24,5.25
2008-04-25,5.25
2008-04-28,5.25
2008-04-29,5.25
2008-04-30,5.00
2008-05-01,5.00
2008-05-02,5.00
2008-05-05,5.00
2008-05-06,5.00
2008-05-07,5.00
2008-05-08,5.00
2008-05-09,5.00
2008-05-12,5.00
2008-05-13,5.00
2008-05-14,5.00
2008-05-15,5.00
2008-05-16,5.00
2008-05-19,5.00
2008-05-20,5.00
2008-05-21,5.00
2008-05-22,5.00
2008-05-23,5.00
2008-05-26,.
2008-05-27,5.00
2008-05-28,5.00
2008-05-29,5.00
2008-05-30,5.00
2008-06-02,5.00
2008-06-03,5.00
2008-06-04,5.00
2008-06-05,5.00
2008-06-06,5.00
2008-06-09,5.00
2008-06-10,5.00
2008-06-11,5.00
2008-06-12,5.00
2008-06-13,5.00
2008-06-16,5.00
2008-06-17,5.00
2008-06-18,5.00
2008-06-19,5.00
2008-06-20,5.00
2008-06-23,5.00
2008-06-24,5.00
2008-06-25,5.00
2008-06-26,5.00
2008-06-27,5.00
2008-06-30,5.00
2008-07-01,5.00
2008-07-02,5.00
2008-07-03,5.00
2008-07-04,.
2008-07-07,5.00
2008-07-08,5.00
2008-07-09,5.00
2008-07-10,5.00
2008-07-11,5.00
2008-07-14,5.00
2008-07-15,5.00
2008-07-16,5.00
2008-07-17,5.00
2008-07-18,5.00
2008-07-21,5.00
2008-07-22,5.00
2008-07-23,5.00
2008-07-24,5.00
2008-07-25,5.00
2008-07-28,5.00
2008-07-29,5.00
2008-07-30,5.00
2008-07-31,5.00
2008-08-01,5.00
2008-08-04,5.00
2008-08-05,5.00
2008-08-06,5.00
2008-08-07,5.00
2008-08-08,5.00
2008-08-11,5.00
2008-08-12,5.00
2008-08-13,5.00
2008-08-14,5.00
2008-08-15,5.00
2008-08-18,5.00
2008-08-19,5.00
2008-08-20,5.00
2008-08-21,5.00
2008-08-22,5.00
2008-08-25,5.00
2008-08-26,5.00
2008-08-27,5.00
2008-08-28,5.00
2008-08-29,5.00
2008-09-01,.
2008-09-02,5.00
2008-09-03,5.00
2008-09-04,5.00
2008-09-05,5.00
2008-09-08,5.00
2008-09-09,5.00
2008-09-10,5.00
2008-09-11,5.00
2008-09-12,5.00
2008-09-15,5.00
2008-09-16,5.00
2008-09-17,5.00
2008-09-18,5.00
2008-09-19,5.00
2008-09-22,5.00
2008-09-23,5.00
2008-09-24,5.00
2008-09-25,5.00
2008-09-26,5.00
2008-09-29,5.00
2008-09-30,5.00
2008-10-01,5.00
2008-10-02,5.00
2008-10-03,5.00
2008-10-06,5.00
2008-10-07,5.00
2008-10-08,4.50
2008-10-09,4.50
2008-10-10,4.50
2008-10-13,.
2008-10-14,4.50
2008-10-15,4.50
2008-10-16,4.50
2008-10-17,4.50
2008-10-20,4.50
2008-10-21,4.50
2008-10-22,4.50
2008-10-23,4.50
2008-10-24,4.50
2008-10-27,4.50
2008-10-28,4.50
2008-10-29,4.00
2008-10-30,4.00
2008-10-31,4.00
2008-11-03,4.00
2008-11-04,4.00
2008-11-05,4.00
2008-11-06,4.00
2008-11-07,4.00
2008-11-10,4.00
2008-11-11,4.00
2008-11-12,4.00
2008-11-13,4.00
2008-11-14,4.00
2008-11-17,4.00
2008-11-18,4.00
2008-11-19,4.00
2008-11-20,4.00
2008-11-21,4.00
2008-11-24,4.00
2008-11-25,4.00
2008-11-26,4.00
2008-11-27,.
2008-11-28,4.00
2008-12-01,4.00
2008-12-02,4.00
2008-12-03,4.00
2008-12-04,4.00
2008-12-05,4.00
2008-12-08,4.00
2008-12-09,4.00
2008-12-10,4.00
2008-12-11,4.00
2008-12-12,4.00
2008-12-15,4.00
2008-12-16,3.25
2008-12-17,3.25
2008-12-18,3.25
2008-12-19,3.25
2008-12-22,3.25
2008-12-23,3.25
2008-12-24,3.25
2008-12-25,3.25
2008-12-26,3.25
2008-12-29,3.25
2008-12-30,3.25
2008-12-31,3.25
2009-01-01,3.25
2009-01-02,3.25
2009-01-05,3.25
2009-01-06,3.25
2009-01-07,3.25
2009-01-08,3.25
2009-01-09,3.25
2009-01-12,3.25
2009-01-13,3.25
2009-01-14,3.25
2009-01-15,3.25
2009-01-16,3.25
2009-01-19,.
2009-01-20,3.25
2009-01-21,3.25
2009-01-22,3.25
2009-01-23,3.25
2009-01-26,3.25
2009-01-27,3.25
2009-01-28,3.25
2009-01-29,3.25
2009-01-30,3.25
2009-02-02,3.25
2009-02-03,3.25
2009-02-04,3.25
2009-02-05,3.25
2009-02-06,3.25
2009-02-09,3.25
2009-02-10,3.25
2009-02-11,3.25
2009-02-12,3.25
2009-02-13,3.25
2009-02-16,.
2009-02-17,3.25
2009-02-18,3.25
2009-02-19,3.25
2009-02-20,3.25
2009-02-23,3.25
2009-02-24,3.25
2009-02-25,3.25
2009-02-26,3.25
2009-02-27,3.25
2009-03-02,3.25
2009-03-03,3.25
2009-03-04,3.25
2009-03-05,3.25
2009-03-06,3.25
2009-03-09,3.25
2009-03-10,3.25
2009-03-11,3.25
2009-03-12,3.25
2009-03-13,3.25
2009-03-16,3.25
2009-03-17,3.25
2009-03-18,3.25
2009-03-19,3.25
2009-03-20,3.25
2009-03-23,3.25
2009-03-24,3.25
2009-03-25,3.25
2009-03-26,3.25
2009-03-27,3.25
2009-03-30,3.25
2009-03-31,3.25
2009-04-01,3.25
2009-04-02,3.25
2009-04-03,3.25
2009-04-06,3.25
2009-04-07,3.25
2009-04-08,3.25
2009-04-09,3.25
2009-04-10,3.25
2009-04-13,3.25
2009-04-14,3.25
2009-04-15,3.25
2009-04-16,3.25
2009-04-17,3.25
2009-04-20,3.25
2009-04-21,3.25
2009-04-22,3.25
2009-04-23,3.25
2009-04-24,3.25
2009-04-27,3.25
2009-04-28,3.25
2009-04-29,3.25
2009-04-30,3.25
2009-05-01,3.25
2009-05-04,3.25
2009-05-05,3.25
2009-05-06,3.25
2009-05-07,3.25
2009-05-08,3.25
2009-05-11,3.25
2009-05-12,3.25
2009-05-13,3.25
2009-05-14,3.25
2009-05-15,3.25
2009-05-18,3.25
2009-05-19,3.25
2009-05-20,3.25
2009-05-21,3.25
2009-05-22,3.25
2009-05-25,.
2009-05-26,3.25
2009-05-27,3.25
2009-05-28,3.25
2009-05-29,3.25
2009-06-01,3.25
2009-06-02,3.25
2009-06-03,3.25
2009-06-04,3.25
2009-06-05,3.25
2009-06-08,3.25
2009-06-09,3.25
2009-06-10,3.25
2009-06-11,3.25
2009-06-12,3.25
2009-06-15,3.25
2009-06-16,3.25
2009-06-17,3.25
2009-06-18,3.25
2009-06-19,3.25
2009-06-22,3.25
2009-06-23,3.25
2009-06-24,3.25
2009-06-25,3.25
2009-06-26,3.25
2009-06-29,3.25
2009-06-30,3.25
2009-07-01,3.25
2009-07-02,3.25
2009-07-03,.
2009-07-06,3.25
2009-07-07,3.25
2009-07-08,3.25
2009-07-09,3.25
2009-07-10,3.25
2009-07-13,3.25
2009-07-14,3.25
2009-07-15,3.25
2009-07-16,3.25
2009-07-17,3.25
2009-07-20,3.25
2009-07-21,3.25
2009-07-22,3.25
2009-07-23,3.25
2009-07-24,3.25
2009-07-27,3.25
2009-07-28,3.25
2009-07-29,3.25
2009-07-30,3.25
2009-07-31,3.25
2009-08-03,3.25
2009-08-04,3.25
2009-08-05,3.25
2009-08-06,3.25
2009-08-07,3.25
2009-08-10,3.25
2009-08-11,3.25
2009-08-12,3.25
2009-08-13,3.25
2009-08-14,3.25
2009-08-17,3.25
2009-08-18,3.25
2009-08-19,3.25
2009-08-20,3.25
2009-08-21,3.25
2009-08-24,3.25
2009-08-25,3.25
2009-08-26,3.25
2009-08-27,3.25
2009-08-28,3.25
2009-08-31,3.25
2009-09-01,3.25
2009-09-02,3.25
2009-09-03,3.25
2009-09-04,3.25
2009-09-07,.
2009-09-08,3.25
2009-09-09,3.25
2009-09-10,3.25
2009-09-11,3.25
2009-09-14,3.25
2009-09-15,3.25
2009-09-16,3.25
2009-09-17,3.25
2009-09-18,3.25
2009-09-21,3.25
2009-09-22,3.25
2009-09-23,3.25
2009-09-24,3.25
2009-09-25,3.25
2009-09-28,3.25
2009-09-29,3.25
2009-09-30,3.25
2009-10-01,3.25
2009-10-02,3.25
2009-10-05,3.25
2009-10-06,3.25
2009-10-07,3.25
2009-10-08,3.25
2009-10-09,3.25
2009-10-12,.
2009-10-13,3.25
2009-10-14,3.25
2009-10-15,3.25
2009-10-16,3.25
2009-10-19,3.25
2009-10-20,3.25
2009-10-21,3.25
2009-10-22,3.25
2009-10-23,3.25
2009-10-26,3.25
2009-10-27,3.25
2009-10-28,3.25
2009-10-29,3.25
2009-10-30,3.25
2009-11-02,3.25
2009-11-03,3.25
2009-11-04,3.25
2009-11-05,3.25
2009-11-06,3.25
2009-11-09,3.25
2009-11-10,3.25
2009-11-11,.
2009-11-12,3.25
2009-11-13,3.25
2009-11-16,3.25
2009-11-17,3.25
2009-11-18,3.25
2009-11-19,3.25
2009-11-20,3.25
2009-11-23,3.25
2009-11-24,3.25
2009-11-25,3.25
2009-11-26,.
2009-11-27,3.25
2009-11-30,3.25
2009-12-01,3.25
2009-12-02,3.25
2009-12-03,3.25
2009-12-04,3.25
2009-12-07,3.25
2009-12-08,3.25
2009-12-09,3.25
2009-12-10,3.25
2009-12-11,3.25
2009-12-14,3.25
2009-12-15,3.25
2009-12-16,3.25
2009-12-17,3.25
2009-12-18,3.25
2009-12-21,3.25
2009-12-22,3.25
2009-12-23,3.25
2009-12-24,3.25
2009-12-25,.
2009-12-28,3.25
2009-12-29,3.25
2009-12-30,3.25
2009-12-31,3.25
2010-01-01,.
2010-01-04,3.25
2010-01-05,3.25
2010-01-06,3.25
2010-01-07,3.25
2010-01-08,3.25
2010-01-11,3.25
2010-01-12,3.25
2010-01-13,3.25
2010-01-14,3.25
2010-01-15,3.25
2010-01-18,.
2010-01-19,3.25
2010-01-20,3.25
2010-01-21,3.25
2010-01-22,3.25
2010-01-25,3.25
2010-01-26,3.25
2010-01-27,3.25
2010-01-28,3.25
2010-01-29,3.25
2010-02-01,3.25
2010-02-02,3.25
2010-02-03,3.25
2010-02-04,3.25
2010-02-05,3.25
2010-02-08,3.25
2010-02-09,3.25
2010-02-10,3.25
2010-02-11,3.25
2010-02-12,3.25
2010-02-15,.
2010-02-16,3.25
2010-02-17,3.25
2010-02-18,3.25
2010-02-19,3.25
2010-02-22,3.25
2010-02-23,3.25
2010-02-24,3.25
2010-02-25,3.25
2010-02-26,3.25
2010-03-01,3.25
2010-03-02,3.25
2010-03-03,3.25
2010-03-04,3.25
2010-03-05,3.25
2010-03-08,3.25
2010-03-09,3.25
2010-03-10,3.25
2010-03-11,3.25
2010-03-12,3.25
2010-03-15,3.25
2010-03-16,3.25
2010-03-17,3.25
2010-03-18,3.25
2010-03-19,3.25
2010-03-22,3.25
2010-03-23,3.25
2010-03-24,3.25
2010-03-25,3.25
2010-03-26,3.25
2010-03-29,3.25
2010-03-30,3.25
2010-03-31,3.25
2010-04-01,3.25
2010-04-02,3.25
2010-04-05,3.25
2010-04-06,3.25
2010-04-07,3.25
2010-04-08,3.25
2010-04-09,3.25
2010-04-12,3.25
2010-04-13,3.25
2010-04-14,3.25
2010-04-15,3.25
2010-04-16,3.25
2010-04-19,3.25
2010-04-20,3.25
2010-04-21,3.25
2010-04-22,3.25
2010-04-23,3.25
2010-04-26,3.25
2010-04-27,3.25
2010-04-28,3.25
2010-04-29,3.25
2010-04-30,3.25
2010-05-03,3.25
2010-05-04,3.25
2010-05-05,3.25
2010-05-06,3.25
2010-05-07,3.25
2010-05-10,3.25
2010-05-11,3.25
2010-05-12,3.25
2010-05-13,3.25
2010-05-14,3.25
2010-05-17,3.25
2010-05-18,3.25
2010-05-19,3.25
2010-05-20,3.25
2010-05-21,3.25
2010-05-24,3.25
2010-05-25,3.25
2010-05-26,3.25
2010-05-27,3.25
2010-05-28,3.25
2010-05-31,.
2010-06-01,3.25
2010-06-02,3.25
2010-06-03,3.25
2010-06-04,3.25
2010-06-07,3.25
2010-06-08,3.25
2010-06-09,3.25
2010-06-10,3.25
2010-06-11,3.25
2010-06-14,3.25
2010-06-15,3.25
2010-06-16,3.25
2010-06-17,3.25
2010-06-18,3.25
2010-06-21,3.25
2010-06-22,3.25
2010-06-23,3.25
2010-06-24,3.25
2010-06-25,3.25
2010-06-28,3.25
2010-06-29,3.25
2010-06-30,3.25
2010-07-01,3.25
2010-07-02,3.25
2010-07-05,.
2010-07-06,3.25
2010-07-07,3.25
2010-07-08,3.25
2010-07-09,3.25
2010-07-12,3.25
2010-07-13,3.25
2010-07-14,3.25
2010-07-15,3.25
2010-07-16,3.25
2010-07-19,3.25
2010-07-20,3.25
2010-07-21,3.25
2010-07-22,3.25
2010-07-23,3.25
2010-07-26,3.25
2010-07-27,3.25
2010-07-28,3.25
2010-07-29,3.25
2010-07-30,3.25
2010-08-02,3.25
2010-08-03,3.25
2010-08-04,3.25
2010-08-05,3.25
2010-08-06,3.25
2010-08-09,3.25
2010-08-10,3.25
2010-08-11,3.25
2010-08-12,3.25
2010-08-13,3.25
2010-08-16,3.25
2010-08-17,3.25
2010-08-18,3.25
2010-08-19,3.25
2010-08-20,3.25
2010-08-23,3.25
2010-08-24,3.25
2010-08-25,3.25
2010-08-26,3.25
2010-08-27,3.25
2010-08-30,3.25
2010-08-31,3.25
2010-09-01,3.25
2010-09-02,3.25
2010-09-03,3.25
2010-09-06,.
2010-09-07,3.25
2010-09-08,3.25
2010-09-09,3.25
2010-09-10,3.25
2010-09-13,3.25
2010-09-14,3.25
2010-09-15,3.25
2010-09-16,3.25
2010-09-17,3.25
2010-09-20,3.25
2010-09-21,3.25
2010-09-22,3.25
2010-09-23,3.25
2010-09-24,3.25
2010-09-27,3.25
2010-09-28,3.25
2010-09-29,3.25
2010-09-30,3.25
2010-10-01,3.25
2010-10-04,3.25
2010-10-05,3.25
2010-10-06,3.25
2010-10-07,3.25
2010-10-08,3.25
2010-10-11,.
2010-10-12,3.25
2010-10-13,3.25
2010-10-14,3.25
2010-10-15,3.25
2010-10-18,3.25
2010-10-19,3.25
2010-10-20,3.25
2010-10-21,3.25
2010-10-22,3.25
2010-10-25,3.25
2010-10-26,3.25
2010-10-27,3.25
2010-10-28,3.25
2010-10-29,3.25
2010-11-01,3.25
2010-11-02,3.25
2010-11-03,3.25
2010-11-04,3.25
2010-11-05,3.25
2010-11-08,3.25
2010-11-09,3.25
2010-11-10,3.25
2010-11-11,.
2010-11-12,3.25
2010-11-15,3.25
2010-11-16,3.25
2010-11-17,3.25
2010-11-18,3.25
2010-11-19,3.25
2010-11-22,3.25
2010-11-23,3.25
2010-11-24,3.25
2010-11-25,.
2010-11-26,3.25
2010-11-29,3.25
2010-11-30,3.25
2010-12-01,3.25
2010-12-02,3.25
2010-12-03,3.25
2010-12-06,3.25
2010-12-07,3.25
2010-12-08,3.25
2010-12-09,3.25
2010-12-10,3.25
2010-12-13,3.25
2010-12-14,3.25
2010-12-15,3.25
2010-12-16,3.25
2010-12-17,3.25
2010-12-20,3.25
2010-12-21,3.25
2010-12-22,3.25
2010-12-23,3.25
2010-12-24,3.25
2010-12-27,3.25
2010-12-28,3.25
2010-12-29,3.25
2010-12-30,3.25
2010-12-31,3.25
2011-01-03,3.25
2011-01-04,3.25
2011-01-05,3.25
2011-01-06,3.25
2011-01-07,3.25
2011-01-10,3.25
2011-01-11,3.25
2011-01-12,3.25
2011-01-13,3.25
2011-01-14,3.25
2011-01-17,.
2011-01-18,3.25
2011-01-19,3.25
2011-01-20,3.25
2011-01-21,3.25
2011-01-24,3.25
2011-01-25,3.25
2011-01-26,3.25
2011-01-27,3.25
2011-01-28,3.25
2011-01-31,3.25
2011-02-01,3.25
2011-02-02,3.25
2011-02-03,3.25
2011-02-04,3.25
2011-02-07,3.25
2011-02-08,3.25
2011-02-09,3.25
2011-02-10,3.25
2011-02-11,3.25
2011-02-14,3.25
2011-02-15,3.25
2011-02-16,3.25
2011-02-17,3.25
2011-02-18,3.25
2011-02-21,.
2011-02-22,3.25
2011-02-23,3.25
2011-02-24,3.25
2011-02-25,3.25
2011-02-28,3.25
2011-03-01,3.25
2011-03-02,3.25
2011-03-03,3.25
2011-03-04,3.25
2011-03-07,3.25
2011-03-08,3.25
2011-03-09,3.25
2011-03-10,3.25
2011-03-11,3.25
2011-03-14,3.25
2011-03-15,3.25
2011-03-16,3.25
2011-03-17,3.25
2011-03-18,3.25
2011-03-21,3.25
2011-03-22,3.25
2011-03-23,3.25
2011-03-24,3.25
2011-03-25,3.25
2011-03-28,3.25
2011-03-29,3.25
2011-03-30,3.25
2011-03-31,3.25
2011-04-01,3.25
2011-04-04,3.25
2011-04-05,3.25
2011-04-06,3.25
2011-04-07,3.25
2011-04-08,3.25
2011-04-11,3.25
2011-04-12,3.25
2011-04-13,3.25
2011-04-14,3.25
2011-04-15,3.25
2011-04-18,3.25
2011-04-19,3.25
2011-04-20,3.25
2011-04-21,3.25
2011-04-22,3.25
2011-04-25,3.25
2011-04-26,3.25
2011-04-27,3.25
2011-04-28,3.25
2011-04-29,3.25
2011-05-02,3.25
2011-05-03,3.25
2011-05-04,3.25
2011-05-05,3.25
2011-05-06,3.25
2011-05-09,3.25
2011-05-10,3.25
2011-05-11,3.25
2011-05-12,3.25
2011-05-13,3.25
2011-05-16,3.25
2011-05-17,3.25
2011-05-18,3.25
2011-05-19,3.25
2011-05-20,3.25
2011-05-23,3.25
2011-05-24,3.25
2011-05-25,3.25
2011-05-26,3.25
2011-05-27,3.25
2011-05-30,.
2011-05-31,3.25
2011-06-01,3.25
2011-06-02,3.25
2011-06-03,3.25
2011-06-06,3.25
2011-06-07,3.25
2011-06-08,3.25
2011-06-09,3.25
2011-06-10,3.25
2011-06-13,3.25
2011-06-14,3.25
2011-06-15,3.25
2011-06-16,3.25
2011-06-17,3.25
2011-06-20,3.25
2011-06-21,3.25
2011-06-22,3.25
2011-06-23,3.25
2011-06-24,3.25
2011-06-27,3.25
2011-06-28,3.25
2011-06-29,3.25
2011-06-30,3.25
2011-07-01,3.25
2011-07-04,.
2011-07-05,3.25
2011-07-06,3.25
2011-07-07,3.25
2011-07-08,3.25
2011-07-11,3.25
2011-07-12,3.25
2011-07-13,3.25
2011-07-14,3.25
2011-07-15,3.25
2011-07-18,3.25
2011-07-19,3.25
2011-07-20,3.25
2011-07-21,3.25
2011-07-22,3.25
2011-07-25,3.25
2011-07-26,3.25
2011-07-27,3.25
2011-07-28,3.25
2011-07-29,3.25
2011-08-01,3.25
2011-08-02,3.25
2011-08-03,3.25
2011-08-04,3.25
2011-08-05,3.25
2011-08-08,3.25
2011-08-09,3.25
2011-08-10,3.25
2011-08-11,3.25
2011-08-12,3.25
2011-08-15,3.25
2011-08-16,3.25
2011-08-17,3.25
2011-08-18,3.25
2011-08-19,3.25
2011-08-22,3.25
2011-08-23,3.25
2011-08-24,3.25
2011-08-25,3.25
2011-08-26,3.25
2011-08-29,3.25
2011-08-30,3.25
2011-08-31,3.25
2011-09-01,3.25
2011-09-02,3.25
2011-09-05,.
2011-09-06,3.25
2011-09-07,3.25
2011-09-08,3.25
2011-09-09,3.25
2011-09-12,3.25
2011-09-13,3.25
2011-09-14,3.25
2011-09-15,3.25
2011-09-16,3.25
2011-09-19,3.25
2011-09-20,3.25
2011-09-21,3.25
2011-09-22,3.25
2011-09-23,3.25
2011-09-26,3.25
2011-09-27,3.25
2011-09-28,3.25
2011-09-29,3.25
2011-09-30,3.25
2011-10-03,3.25
2011-10-04,3.25
2011-10-05,3.25
2011-10-06,3.25
2011-10-07,3.25
2011-10-10,.
2011-10-11,3.25
2011-10-12,3.25
2011-10-13,3.25
2011-10-14,3.25
2011-10-17,3.25
2011-10-18,3.25
2011-10-19,3.25
2011-10-20,3.25
2011-10-21,3.25
2011-10-24,3.25
2011-10-25,3.25
2011-10-26,3.25
2011-10-27,3.25
2011-10-28,3.25
2011-10-31,3.25
2011-11-01,3.25
2011-11-02,3.25
2011-11-03,3.25
2011-11-04,3.25
2011-11-07,3.25
2011-11-08,3.25
2011-11-09,3.25
2011-11-10,3.25
2011-11-11,.
2011-11-14,3.25
2011-11-15,3.25
2011-11-16,3.25
2011-11-17,3.25
2011-11-18,3.25
2011-11-21,3.25
2011-11-22,3.25
2011-11-23,3.25
2011-11-24,.
2011-11-25,3.25
2011-11-28,3.25
2011-11-29,3.25
2011-11-30,3.25
2011-12-01,3.25
2011-12-02,3.25
2011-12-05,3.25
2011-12-06,3.25
2011-12-07,3.25
2011-12-08,3.25
2011-12-09,3.25
2011-12-12,3.25
2011-12-13,3.25
2011-12-14,3.25
2011-12-15,3.25
2011-12-16,3.25
2011-12-19,3.25
2011-12-20,3.25
2011-12-21,3.25
2011-12-22,3.25
2011-12-23,3.25
2011-12-26,.
2011-12-27,3.25
2011-12-28,3.25
2011-12-29,3.25
2011-12-30,3.25
2012-01-02,.
2012-01-03,3.25
2012-01-04,3.25
2012-01-05,3.25
2012-01-06,3.25
2012-01-09,3.25
2012-01-10,3.25
2012-01-11,3.25
2012-01-12,3.25
2012-01-13,3.25
2012-01-16,.
2012-01-17,3.25
2012-01-18,3.25
2012-01-19,3.25
2012-01-20,3.25
2012-01-23,3.25
2012-01-24,3.25
2012-01-25,3.25
2012-01-26,3.25
2012-01-27,3.25
2012-01-30,3.25
2012-01-31,3.25
2012-02-01,3.25
2012-02-02,3.25
2012-02-03,3.25
2012-02-06,3.25
2012-02-07,3.25
2012-02-08,3.25
2012-02-09,3.25
2012-02-10,3.25
2012-02-13,3.25
2012-02-14,3.25
2012-02-15,3.25
2012-02-16,3.25
2012-02-17,3.25
2012-02-20,.
2012-02-21,3.25
2012-02-22,3.25
2012-02-23,3.25
2012-02-24,3.25
2012-02-27,3.25
2012-02-28,3.25
2012-02-29,3.25
2012-03-01,3.25
2012-03-02,3.25
2012-03-05,3.25
2012-03-06,3.25
2012-03-07,3.25
2012-03-08,3.25
2012-03-09,3.25
2012-03-12,3.25
2012-03-13,3.25
2012-03-14,3.25
2012-03-15,3.25
2012-03-16,3.25
2012-03-19,3.25
2012-03-20,3.25
2012-03-21,3.25
2012-03-22,3.25
2012-03-23,3.25
2012-03-26,3.25
2012-03-27,3.25
2012-03-28,3.25
2012-03-29,3.25
2012-03-30,3.25
2012-04-02,3.25
2012-04-03,3.25
2012-04-04,3.25
2012-04-05,3.25
2012-04-06,3.25
2012-04-09,3.25
2012-04-10,3.25
2012-04-11,3.25
2012-04-12,3.25
2012-04-13,3.25
2012-04-16,3.25
2012-04-17,3.25
2012-04-18,3.25
2012-04-19,3.25
2012-04-20,3.25
2012-04-23,3.25
2012-04-24,3.25
2012-04-25,3.25
2012-04-26,3.25
2012-04-27,3.25
2012-04-30,3.25
2012-05-01,3.25
2012-05-02,3.25
2012-05-03,3.25
2012-05-04,3.25
2012-05-07,3.25
2012-05-08,3.25
2012-05-09,3.25
2012-05-10,3.25
2012-05-11,3.25
2012-05-14,3.25
2012-05-15,3.25
2012-05-16,3.25
2012-05-17,3.25
2012-05-18,3.25
2012-05-21,3.25
2012-05-22,3.25
2012-05-23,3.25
2012-05-24,3.25
2012-05-25,3.25
2012-05-28,.
2012-05-29,3.25
2012-05-30,3.25
2012-05-31,3.25
2012-06-01,3.25
2012-06-04,3.25
2012-06-05,3.25
2012-06-06,3.25
2012-06-07,3.25
2012-06-08,3.25
2012-06-11,3.25
2012-06-12,3.25
2012-06-13,3.25
2012-06-14,3.25
2012-06-15,3.25
2012-06-18,3.25
2012-06-19,3.25
2012-06-20,3.25
2012-06-21,3.25
2012-06-22,3.25
2012-06-25,3.25
2012-06-26,3.25
2012-06-27,3.25
2012-06-28,3.25
2012-06-29,3.25
2012-07-02,3.25
2012-07-03,3.25
2012-07-04,.
2012-07-05,3.25
2012-07-06,3.25
2012-07-09,3.25
2012-07-10,3.25
2012-07-11,3.25
2012-07-12,3.25
2012-07-13,3.25
2012-07-16,3.25
2012-07-17,3.25
2012-07-18,3.25
2012-07-19,3.25
2012-07-20,3.25
2012-07-23,3.25
2012-07-24,3.25
2012-07-25,3.25
2012-07-26,3.25
2012-07-27,3.25
2012-07-30,3.25
2012-07-31,3.25
2012-08-01,3.25
2012-08-02,3.25
2012-08-03,3.25
2012-08-06,3.25
2012-08-07,3.25
2012-08-08,3.25
2012-08-09,3.25
2012-08-10,3.25
2012-08-13,3.25
2012-08-14,3.25
2012-08-15,3.25
2012-08-16,3.25
2012-08-17,3.25
2012-08-20,3.25
2012-08-21,3.25
2012-08-22,3.25
2012-08-23,3.25
2012-08-24,3.25
2012-08-27,3.25
2012-08-28,3.25
2012-08-29,3.25
2012-08-30,3.25
2012-08-31,3.25
2012-09-03,.
2012-09-04,3.25
2012-09-05,3.25
2012-09-06,3.25
2012-09-07,3.25
2012-09-10,3.25
2012-09-11,3.25
2012-09-12,3.25
2012-09-13,3.25
2012-09-14,3.25
2012-09-17,3.25
2012-09-18,3.25
2012-09-19,3.25
2012-09-20,3.25
2012-09-21,3.25
2012-09-24,3.25
2012-09-25,3.25
2012-09-26,3.25
2012-09-27,3.25
2012-09-28,3.25
2012-10-01,3.25
2012-10-02,3.25
2012-10-03,3.25
2012-10-04,3.25
2012-10-05,3.25
2012-10-08,.
2012-10-09,3.25
2012-10-10,3.25
2012-10-11,3.25
2012-10-12,3.25
2012-10-15,3.25
2012-10-16,3.25
2012-10-17,3.25
2012-10-18,3.25
2012-10-19,3.25
2012-10-22,3.25
2012-10-23,3.25
2012-10-24,3.25
2012-10-25,3.25
2012-10-26,3.25
2012-10-29,3.25
2012-10-30,3.25
2012-10-31,3.25
2012-11-01,3.25
2012-11-02,3.25
2012-11-05,3.25
2012-11-06,3.25
2012-11-07,3.25
2012-11-08,3.25
2012-11-09,3.25
2012-11-12,.
2012-11-13,3.25
2012-11-14,3.25
2012-11-15,3.25
2012-11-16,3.25
2012-11-19,3.25
2012-11-20,3.25
2012-11-21,3.25
2012-11-22,.
2012-11-23,3.25
2012-11-26,3.25
2012-11-27,3.25
2012-11-28,3.25
2012-11-29,3.25
2012-11-30,3.25
2012-12-03,3.25
2012-12-04,3.25
2012-12-05,3.25
2012-12-06,3.25
2012-12-07,3.25
2012-12-10,3.25
2012-12-11,3.25
2012-12-12,3.25
2012-12-13,3.25
2012-12-14,3.25
2012-12-17,3.25
2012-12-18,3.25
2012-12-19,3.25
2012-12-20,3.25
2012-12-21,3.25
2012-12-24,3.25
2012-12-25,.
2012-12-26,3.25
2012-12-27,3.25
2012-12-28,3.25
2012-12-31,3.25
2013-01-01,.
2013-01-02,3.25
2013-01-03,3.25
2013-01-04,3.25
2013-01-07,3.25
2013-01-08,3.25
2013-01-09,3.25
2013-01-10,3.25
2013-01-11,3.25
2013-01-14,3.25
2013-01-15,3.25
2013-01-16,3.25
2013-01-17,3.25
2013-01-18,3.25
2013-01-21,.
2013-01-22,3.25
2013-01-23,3.25
2013-01-24,3.25
2013-01-25,3.25
2013-01-28,3.25
2013-01-29,3.25
2013-01-30,3.25
2013-01-31,3.25
2013-02-01,3.25
2013-02-04,3.25
2013-02-05,3.25
2013-02-06,3.25
2013-02-07,3.25
2013-02-08,3.25
2013-02-11,3.25
2013-02-12,3.25
2013-02-13,3.25
2013-02-14,3.25
2013-02-15,3.25
2013-02-18,.
2013-02-19,3.25
2013-02-20,3.25
2013-02-21,3.25
2013-02-22,3.25
2013-02-25,3.25
2013-02-26,3.25
2013-02-27,3.25
2013-02-28,3.25
2013-03-01,3.25
2013-03-04,3.25
2013-03-05,3.25
2013-03-06,3.25
2013-03-07,3.25
2013-03-08,3.25
2013-03-11,3.25
2013-03-12,3.25
2013-03-13,3.25
2013-03-14,3.25
2013-03-15,3.25
2013-03-18,3.25
2013-03-19,3.25
2013-03-20,3.25
2013-03-21,3.25
2013-03-22,3.25
2013-03-25,3.25
2013-03-26,3.25
2013-03-27,3.25
2013-03-28,3.25
2013-03-29,3.25
2013-04-01,3.25
2013-04-02,3.25
2013-04-03,3.25
2013-04-04,3.25
2013-04-05,3.25
2013-04-08,3.25
2013-04-09,3.25
2013-04-10,3.25
2013-04-11,3.25
2013-04-12,3.25
2013-04-15,3.25
2013-04-16,3.25
2013-04-17,3.25
2013-04-18,3.25
2013-04-19,3.25
2013-04-22,3.25
2013-04-23,3.25
2013-04-24,3.25
2013-04-25,3.25
2013-04-26,3.25
2013-04-29,3.25
2013-04-30,3.25
2013-05-01,3.25
2013-05-02,3.25
2013-05-03,3.25
2013-05-06,3.25
2013-05-07,3.25
2013-05-08,3.25
2013-05-09,3.25
2013-05-10,3.25
2013-05-13,3.25
2013-05-14,3.25
2013-05-15,3.25
2013-05-16,3.25
2013-05-17,3.25
2013-05-20,3.25
2013-05-21,3.25
2013-05-22,3.25
2013-05-23,3.25
2013-05-24,3.25
2013-05-27,.
2013-05-28,3.25
2013-05-29,3.25
2013-05-30,3.25
2013-05-31,3.25
2013-06-03,3.25
2013-06-04,3.25
2013-06-05,3.25
2013-06-06,3.25
2013-06-07,3.25
2013-06-10,3.25
2013-06-11,3.25
2013-06-12,3.25
2013-06-13,3.25
2013-06-14,3.25
2013-06-17,3.25
2013-06-18,3.25
2013-06-19,3.25
2013-06-20,3.25
2013-06-21,3.25
2013-06-24,3.25
2013-06-25,3.25
2013-06-26,3.25
2013-06-27,3.25
2013-06-28,3.25
2013-07-01,3.25
2013-07-02,3.25
2013-07-03,3.25
2013-07-04,.
2013-07-05,3.25
2013-07-08,3.25
2013-07-09,3.25
2013-07-10,3.25
2013-07-11,3.25
2013-07-12,3.25
2013-07-15,3.25
2013-07-16,3.25
2013-07-17,3.25
2013-07-18,3.25
2013-07-19,3.25
2013-07-22,3.25
2013-07-23,3.25
2013-07-24,3.25
2013-07-25,3.25
2013-07-26,3.25
2013-07-29,3.25
2013-07-30,3.25
2013-07-31,3.25
2013-08-01,3.25
2013-08-02,3.25
2013-08-05,3.25
2013-08-06,3.25
2013-08-07,3.25
2013-08-08,3.25
2013-08-09,3.25
2013-08-12,3.25
2013-08-13,3.25
2013-08-14,3.25
2013-08-15,3.25
2013-08-16,3.25
2013-08-19,3.25
2013-08-20,3.25
2013-08-21,3.25
2013-08-22,3.25
2013-08-23,3.25
2013-08-26,3.25
2013-08-27,3.25
2013-08-28,3.25
2013-08-29,3.25
2013-08-30,3.25
2013-09-02,.
2013-09-03,3.25
2013-09-04,3.25
2013-09-05,3.25
2013-09-06,3.25
2013-09-09,3.25
2013-09-10,3.25
2013-09-11,3.25
2013-09-12,3.25
2013-09-13,3.25
2013-09-16,3.25
2013-09-17,3.25
2013-09-18,3.25
2013-09-19,3.25
2013-09-20,3.25
2013-09-23,3.25
2013-09-24,3.25
2013-09-25,3.25
2013-09-26,3.25
2013-09-27,3.25
2013-09-30,3.25
2013-10-01,3.25
2013-10-02,3.25
2013-10-03,3.25
2013-10-04,3.25
2013-10-07,3.25
2013-10-08,3.25
2013-10-09,3.25
2013-10-10,3.25
2013-10-11,3.25
2013-10-14,.
2013-10-15,3.25
2013-10-16,3.25
2013-10-17,3.25
2013-10-18,3.25
2013-10-21,3.25
2013-10-22,3.25
2013-10-23,3.25
2013-10-24,3.25
2013-10-25,3.25
2013-10-28,3.25
2013-10-29,3.25
2013-10-30,3.25
2013-10-31,3.25
2013-11-01,3.25
2013-11-04,3.25
2013-11-05,3.25
2013-11-06,3.25
2013-11-07,3.25
2013-11-08,3.25
2013-11-11,.
2013-11-12,3.25
2013-11-13,3.25
2013-11-14,3.25
2013-11-15,3.25
2013-11-18,3.25
2013-11-19,3.25
2013-11-20,3.25
2013-11-21,3.25
2013-11-22,3.25
2013-11-25,3.25
2013-11-26,3.25
2013-11-27,3.25
2013-11-28,.
2013-11-29,3.25
2013-12-02,3.25
2013-12-03,3.25
2013-12-04,3.25
2013-12-05,3.25
2013-12-06,3.25
2013-12-09,3.25
2013-12-10,3.25
2013-12-11,3.25
2013-12-12,3.25
2013-12-13,3.25
2013-12-16,3.25
2013-12-17,3.25
2013-12-18,3.25
2013-12-19,3.25
2013-12-20,3.25
2013-12-23,3.25
2013-12-24,3.25
2013-12-25,.
2013-12-26,3.25
2013-12-27,3.25
2013-12-30,3.25
2013-12-31,3.25
2014-01-01,.
2014-01-02,3.25
2014-01-03,3.25
2014-01-06,3.25
2014-01-07,3.25
2014-01-08,3.25
2014-01-09,3.25
2014-01-10,3.25
2014-01-13,3.25
2014-01-14,3.25
2014-01-15,3.25
2014-01-16,3.25
2014-01-17,3.25
2014-01-20,.
2014-01-21,3.25
2014-01-22,3.25
2014-01-23,3.25
2014-01-24,3.25
2014-01-27,3.25
2014-01-28,3.25
2014-01-29,3.25
2014-01-30,3.25
2014-01-31,3.25
2014-02-03,3.25
2014-02-04,3.25
2014-02-05,3.25
2014-02-06,3.25
2014-02-07,3.25
2014-02-10,3.25
2014-02-11,3.25
2014-02-12,3.25
2014-02-13,3.25
2014-02-14,3.25
2014-02-17,.
2014-02-18,3.25
2014-02-19,3.25
2014-02-20,3.25
2014-02-21,3.25
2014-02-24,3.25
2014-02-25,3.25
2014-02-26,3.25
2014-02-27,3.25
2014-02-28,3.25
2014-03-03,3.25
2014-03-04,3.25
2014-03-05,3.25
2014-03-06,3.25
2014-03-07,3.25
2014-03-10,3.25
2014-03-11,3.25
2014-03-12,3.25
2014-03-13,3.25
2014-03-14,3.25
2014-03-17,3.25
2014-03-18,3.25
2014-03-19,3.25
2014-03-20,3.25
2014-03-21,3.25
2014-03-24,3.25
2014-03-25,3.25
2014-03-26,3.25
2014-03-27,3.25
2014-03-28,3.25
2014-03-31,3.25
2014-04-01,3.25
2014-04-02,3.25
2014-04-03,3.25
2014-04-04,3.25
2014-04-07,3.25
2014-04-08,3.25
2014-04-09,3.25
2014-04-10,3.25
2014-04-11,3.25
2014-04-14,3.25
2014-04-15,3.25
2014-04-16,3.25
2014-04-17,3.25
2014-04-18,3.25
2014-04-21,3.25
2014-04-22,3.25
2014-04-23,3.25
2014-04-24,3.25
2014-04-25,3.25
2014-04-28,3.25
2014-04-29,3.25
2014-04-30,3.25
2014-05-01,3.25
2014-05-02,3.25
2014-05-05,3.25
2014-05-06,3.25
2014-05-07,3.25
2014-05-08,3.25
2014-05-09,3.25
2014-05-12,3.25
2014-05-13,3.25
2014-05-14,3.25
2014-05-15,3.25
2014-05-16,3.25
2014-05-19,3.25
2014-05-20,3.25
2014-05-21,3.25
2014-05-22,3.25
2014-05-23,3.25
2014-05-26,.
2014-05-27,3.25
2014-05-28,3.25
2014-05-29,3.25
2014-05-30,3.25
2014-06-02,3.25
2014-06-03,3.25
2014-06-04,3.25
2014-06-05,3.25
2014-06-06,3.25
2014-06-09,3.25
2014-06-10,3.25
2014-06-11,3.25
2014-06-12,3.25
2014-06-13,3.25
2014-06-16,3.25
2014-06-17,3.25
2014-06-18,3.25
2014-06-19,3.25
2014-06-20,3.25
2014-06-23,3.25
2014-06-24,3.25
2014-06-25,3.25
2014-06-26,3.25
2014-06-27,3.25
2014-06-30,3.25
2014-07-01,3.25
2014-07-02,3.25
2014-07-03,3.25
2014-07-04,.
2014-07-07,3.25
2014-07-08,3.25
2014-07-09,3.25
2014-07-10,3.25
2014-07-11,3.25
2014-07-14,3.25
2014-07-15,3.25
2014-07-16,3.25
2014-07-17,3.25
2014-07-18,3.25
2014-07-21,3.25
2014-07-22,3.25
2014-07-23,3.25
2014-07-24,3.25
2014-07-25,3.25
2014-07-28,3.25
2014-07-29,3.25
2014-07-30,3.25
2014-07-31,3.25
2014-08-01,3.25
2014-08-04,3.25
2014-08-05,3.25
2014-08-06,3.25
2014-08-07,3.25
2014-08-08,3.25
2014-08-11,3.25
2014-08-12,3.25
2014-08-13,3.25
2014-08-14,3.25
2014-08-15,3.25
2014-08-18,3.25
2014-08-19,3.25
2014-08-20,3.25
2014-08-21,3.25
2014-08-22,3.25
2014-08-25,3.25
2014-08-26,3.25
2014-08-27,3.25
2014-08-28,3.25
2014-08-29,3.25
2014-09-01,.
2014-09-02,3.25
2014-09-03,3.25
2014-09-04,3.25
2014-09-05,3.25
2014-09-08,3.25
2014-09-09,3.25
2014-09-10,3.25
2014-09-11,3.25
2014-09-12,3.25
2014-09-15,3.25
2014-09-16,3.25
2014-09-17,3.25
2014-09-18,3.25
2014-09-19,3.25
2014-09-22,3.25
2014-09-23,3.25
2014-09-24,3.25
2014-09-25,3.25
2014-09-26,3.25
2014-09-29,3.25
2014-09-30,3.25
2014-10-01,3.25
2014-10-02,3.25
2014-10-03,3.25
2014-10-06,3.25
2014-10-07,3.25
2014-10-08,3.25
2014-10-09,3.25
2014-10-10,3.25
2014-10-13,.
2014-10-14,3.25
2014-10-15,3.25
2014-10-16,3.25
2014-10-17,3.25
2014-10-20,3.25
2014-10-21,3.25
2014-10-22,3.25
2014-10-23,3.25
2014-10-24,3.25
2014-10-27,3.25
2014-10-28,3.25
2014-10-29,3.25
2014-10-30,3.25
2014-10-31,3.25
2014-11-03,3.25
2014-11-04,3.25
2014-11-05,3.25
2014-11-06,3.25
2014-11-07,3.25
2014-11-10,3.25
2014-11-11,.
2014-11-12,3.25
2014-11-13,3.25
2014-11-14,3.25
2014-11-17,3.25
2014-11-18,3.25
2014-11-19,3.25
2014-11-20,3.25
2014-11-21,3.25
2014-11-24,3.25
2014-11-25,3.25
2014-11-26,3.25
2014-11-27,.
2014-11-28,3.25
2014-12-01,3.25
2014-12-02,3.25
2014-12-03,3.25
2014-12-04,3.25
2014-12-05,3.25
2014-12-08,3.25
2014-12-09,3.25
2014-12-10,3.25
2014-12-11,3.25
2014-12-12,3.25
2014-12-15,3.25
2014-12-16,3.25
2014-12-17,3.25
2014-12-18,3.25
2014-12-19,3.25
2014-12-22,3.25
2014-12-23,3.25
2014-12-24,3.25
2014-12-25,.
2014-12-26,3.25
2014-12-29,3.25
2014-12-30,3.25
2014-12-31,3.25
2015-01-01,.
2015-01-02,3.25
2015-01-05,3.25
2015-01-06,3.25
2015-01-07,3.25
2015-01-08,3.25
2015-01-09,3.25
2015-01-12,3.25
2015-01-13,3.25
2015-01-14,3.25
2015-01-15,3.25
2015-01-16,3.25
2015-01-19,.
2015-01-20,3.25
2015-01-21,3.25
2015-01-22,3.25
2015-01-23,3.25
2015-01-26,3.25
2015-01-27,3.25
2015-01-28,3.25
2015-01-29,3.25
2015-01-30,3.25
2015-02-02,3.25
2015-02-03,3.25
2015-02-04,3.25
2015-02-05,3.25
2015-02-06,3.25
2015-02-09,3.25
2015-02-10,3.25
2015-02-11,3.25
2015-02-12,3.25
2015-02-13,3.25
2015-02-16,.
2015-02-17,3.25
2015-02-18,3.25
2015-02-19,3.25
2015-02-20,3.25
2015-02-23,3.25
2015-02-24,3.25
2015-02-25,3.25
2015-02-26,3.25
2015-02-27,3.25
2015-03-02,3.25
2015-03-03,3.25
2015-03-04,3.25
2015-03-05,3.25
2015-03-06,3.25
2015-03-09,3.25
2015-03-10,3.25
2015-03-11,3.25
2015-03-12,3.25
2015-03-13,3.25
2015-03-16,3.25
2015-03-17,3.25
2015-03-18,3.25
2015-03-19,3.25
2015-03-20,3.25
2015-03-23,3.25
2015-03-24,3.25
2015-03-25,3.25
2015-03-26,3.25
2015-03-27,3.25
2015-03-30,3.25
2015-03-31,3.25
2015-04-01,3.25
2015-04-02,3.25
2015-04-03,3.25
2015-04-06,3.25
2015-04-07,3.25
2015-04-08,3.25
2015-04-09,3.25
2015-04-10,3.25
2015-04-13,3.25
2015-04-14,3.25
2015-04-15,3.25
2015-04-16,3.25
2015-04-17,3.25
2015-04-20,3.25
2015-04-21,3.25
2015-04-22,3.25
2015-04-23,3.25
2015-04-24,3.25
2015-04-27,3.25
2015-04-28,3.25
2015-04-29,3.25
2015-04-30,3.25
2015-05-01,3.25
2015-05-04,3.25
2015-05-05,3.25
2015-05-06,3.25
2015-05-07,3.25
2015-05-08,3.25
2015-05-11,3.25
2015-05-12,3.25
2015-05-13,3.25
2015-05-14,3.25
2015-05-15,3.25
2015-05-18,3.25
2015-05-19,3.25
2015-05-20,3.25
2015-05-21,3.25
2015-05-22,3.25
2015-05-25,3.25
2015-05-26,3.25
2015-05-27,3.25
2015-05-28,3.25
2015-05-29,3.25
2015-06-01,3.25
2015-06-02,3.25
2015-06-03,3.25
2015-06-04,3.25
2015-06-05,3.25
2015-06-08,3.25
2015-06-09,3.25
2015-06-10,3.25
2015-06-11,3.25
2015-06-12,3.25
2015-06-15,3.25
2015-06-16,3.25
2015-06-17,3.25
2015-06-18,3.25
2015-06-19,3.25
2015-06-22,3.25
2015-06-23,3.25
2015-06-24,3.25
2015-06-25,3.25
2015-06-26,3.25
2015-06-29,3.25
2015-06-30,3.25
2015-07-01,3.25
2015-07-02,3.25
2015-07-03,.
2015-07-06,3.25
2015-07-07,3.25
2015-07-08,3.25
2015-07-09,3.25
2015-07-10,3.25
2015-07-13,3.25
2015-07-14,3.25
2015-07-15,3.25
2015-07-16,3.25
2015-07-17,3.25
2015-07-20,3.25
2015-07-21,3.25
2015-07-22,3.25
2015-07-23,3.25
2015-07-24,3.25
2015-07-27,3.25
2015-07-28,3.25
2015-07-29,3.25
2015-07-30,3.25
2015-07-31,3.25
2015-08-03,3.25
2015-08-04,3.25
2015-08-05,3.25
2015-08-06,3.25
2015-08-07,3.25
2015-08-10,3.25
2015-08-11,3.25
2015-08-12,3.25
2015-08-13,3.25
2015-08-14,3.25
2015-08-17,3.25
2015-08-18,3.25
2015-08-19,3.25
2015-08-20,3.25
2015-08-21,3.25
2015-08-24,3.25
2015-08-25,3.25
2015-08-26,3.25
2015-08-27,3.25
2015-08-28,3.25
2015-08-31,3.25
2015-09-01,3.25
2015-09-02,3.25
2015-09-03,3.25
2015-09-04,3.25
2015-09-07,.
2015-09-08,3.25
2015-09-09,3.25
2015-09-10,3.25
2015-09-11,3.25
2015-09-14,3.25
2015-09-15,3.25
2015-09-16,3.25
2015-09-17,3.25
2015-09-18,3.25
2015-09-21,3.25
2015-09-22,3.25
2015-09-23,3.25
2015-09-24,3.25
2015-09-25,3.25
2015-09-28,3.25
2015-09-29,3.25
2015-09-30,3.25
2015-10-01,3.25
2015-10-02,3.25
2015-10-05,3.25
2015-10-06,3.25
2015-10-07,3.25
2015-10-08,3.25
2015-10-09,3.25
2015-10-12,.
2015-10-13,3.25
2015-10-14,3.25
2015-10-15,3.25
2015-10-16,3.25
2015-10-19,3.25
2015-10-20,3.25
2015-10-21,3.25
2015-10-22,3.25
2015-10-23,3.25
2015-10-26,3.25
2015-10-27,3.25
2015-10-28,3.25
2015-10-29,3.25
2015-10-30,3.25
2015-11-02,3.25
2015-11-03,3.25
2015-11-04,3.25
2015-11-05,3.25
2015-11-06,3.25
2015-11-09,3.25
2015-11-10,3.25
2015-11-11,.
2015-11-12,3.25
2015-11-13,3.25
2015-11-16,3.25
2015-11-17,3.25
2015-11-18,3.25
2015-11-19,3.25
2015-11-20,3.25
2015-11-23,3.25
2015-11-24,3.25
2015-11-25,3.25
2015-11-26,.
2015-11-27,3.25
2015-11-30,3.25
2015-12-01,3.25
2015-12-02,3.25
2015-12-03,3.25
2015-12-04,3.25
2015-12-07,3.25
2015-12-08,3.25
2015-12-09,3.25
2015-12-10,3.25
2015-12-11,3.25
2015-12-14,3.25
2015-12-15,3.25
2015-12-16,3.25
2015-12-17,3.50
2015-12-18,3.50
2015-12-21,3.50
2015-12-22,3.50
2015-12-23,3.50
2015-12-24,3.50
2015-12-25,.
2015-12-28,3.50
2015-12-29,3.50
2015-12-30,3.50
2015-12-31,3.50
2016-01-01,.
2016-01-04,3.50
2016-01-05,3.50
2016-01-06,3.50
2016-01-07,3.50
2016-01-08,3.50
2016-01-11,3.50
2016-01-12,3.50
2016-01-13,3.50
2016-01-14,3.50
2016-01-15,3.50
2016-01-18,.
2016-01-19,3.50
2016-01-20,3.50
2016-01-21,3.50
2016-01-22,3.50
2016-01-25,3.50
2016-01-26,3.50
2016-01-27,3.50
2016-01-28,3.50
2016-01-29,3.50
2016-02-01,3.50
2016-02-02,3.50
2016-02-03,3.50
2016-02-04,3.50
2016-02-05,3.50
2016-02-08,3.50
2016-02-09,3.50
2016-02-10,3.50
2016-02-11,3.50
2016-02-12,3.50
2016-02-15,.
2016-02-16,3.50
2016-02-17,3.50
2016-02-18,3.50
2016-02-19,3.50
2016-02-22,3.50
2016-02-23,3.50
2016-02-24,3.50
2016-02-25,3.50
2016-02-26,3.50
2016-02-29,3.50
2016-03-01,3.50
2016-03-02,3.50
2016-03-03,3.50
2016-03-04,3.50
2016-03-07,3.50
2016-03-08,3.50
2016-03-09,3.50
2016-03-10,3.50
2016-03-11,3.50
2016-03-14,3.50
2016-03-15,3.50
2016-03-16,3.50
2016-03-17,3.50
2016-03-18,3.50
2016-03-21,3.50
2016-03-22,3.50
2016-03-23,3.50
2016-03-24,3.50
2016-03-25,3.50
2016-03-28,3.50
2016-03-29,3.50
2016-03-30,3.50
2016-03-31,3.50
2016-04-01,3.50
2016-04-04,3.50
2016-04-05,3.50
2016-04-06,3.50
2016-04-07,3.50
2016-04-08,3.50
2016-04-11,3.50
2016-04-12,3.50
2016-04-13,3.50
2016-04-14,3.50
2016-04-15,3.50
2016-04-18,3.50
2016-04-19,3.50
2016-04-20,3.50
2016-04-21,3.50
2016-04-22,3.50
2016-04-25,3.50
2016-04-26,3.50
2016-04-27,3.50
2016-04-28,3.50
2016-04-29,3.50
2016-05-02,3.50
2016-05-03,3.50
2016-05-04,3.50
2016-05-05,3.50
2016-05-06,3.50
2016-05-09,3.50
2016-05-10,3.50
2016-05-11,3.50
2016-05-12,3.50
2016-05-13,3.50
2016-05-16,3.50
2016-05-17,3.50
2016-05-18,3.50
2016-05-19,3.50
2016-05-20,3.50
2016-05-23,3.50
2016-05-24,3.50
2016-05-25,3.50
2016-05-26,3.50
2016-05-27,3.50
2016-05-30,.
2016-05-31,3.50
2016-06-01,3.50
2016-06-02,3.50
2016-06-03,3.50
2016-06-06,3.50
2016-06-07,3.50
2016-06-08,3.50
2016-06-09,3.50
2016-06-10,3.50
2016-06-13,3.50
2016-06-14,3.50
2016-06-15,3.50
2016-06-16,3.50
2016-06-17,3.50
2016-06-20,3.50
2016-06-21,3.50
2016-06-22,3.50
2016-06-23,3.50
2016-06-24,3.50
2016-06-27,3.50
2016-06-28,3.50
2016-06-29,3.50
2016-06-30,3.50
2016-07-01,3.50
2016-07-04,.
2016-07-05,3.50
2016-07-06,3.50
2016-07-07,3.50
2016-07-08,3.50
2016-07-11,3.50
2016-07-12,3.50
2016-07-13,3.50
2016-07-14,3.50
2016-07-15,3.50
2016-07-18,3.50
2016-07-19,3.50
2016-07-20,3.50
2016-07-21,3.50
2016-07-22,3.50
2016-07-25,3.50
2016-07-26,3.50
2016-07-27,3.50
2016-07-28,3.50
2016-07-29,3.50
2016-08-01,3.50
2016-08-02,3.50
2016-08-03,3.50
2016-08-04,3.50
2016-08-05,3.50
2016-08-08,3.50
2016-08-09,3.50
2016-08-10,3.50
2016-08-11,3.50
2016-08-12,3.50
2016-08-15,3.50
2016-08-16,3.50
2016-08-17,3.50
2016-08-18,3.50
2016-08-19,3.50
2016-08-22,3.50
2016-08-23,3.50
2016-08-24,3.50
2016-08-25,3.50
2016-08-26,3.50
2016-08-29,3.50
2016-08-30,3.50
2016-08-31,3.50
2016-09-01,3.50
2016-09-02,3.50
2016-09-05,.
2016-09-06,3.50
2016-09-07,3.50
2016-09-08,3.50
2016-09-09,3.50
2016-09-12,3.50
2016-09-13,3.50
2016-09-14,3.50
2016-09-15,3.50
2016-09-16,3.50
2016-09-19,3.50
2016-09-20,3.50
2016-09-21,3.50
2016-09-22,3.50
2016-09-23,3.50
2016-09-26,3.50
2016-09-27,3.50
2016-09-28,3.50
2016-09-29,3.50
2016-09-30,3.50
2016-10-03,3.50
2016-10-04,3.50
2016-10-05,3.50
2016-10-06,3.50
2016-10-07,3.50
2016-10-10,.
2016-10-11,3.50
2016-10-12,3.50
2016-10-13,3.50
2016-10-14,3.50
2016-10-17,3.50
2016-10-18,3.50
2016-10-19,3.50
2016-10-20,3.50
2016-10-21,3.50
2016-10-24,3.50
2016-10-25,3.50
2016-10-26,3.50
2016-10-27,3.50
2016-10-28,3.50
2016-10-31,3.50
2016-11-01,3.50
2016-11-02,3.50
2016-11-03,3.50
2016-11-04,3.50
2016-11-07,3.50
2016-11-08,3.50
2016-11-09,3.50
2016-11-10,3.50
2016-11-11,.
2016-11-14,3.50
2016-11-15,3.50
2016-11-16,3.50
2016-11-17,3.50
2016-11-18,3.50
2016-11-21,3.50
2016-11-22,3.50
2016-11-23,3.50
2016-11-24,.
2016-11-25,3.50
2016-11-28,3.50
2016-11-29,3.50
2016-11-30,3.50
2016-12-01,3.50
2016-12-02,3.50
2016-12-05,3.50
2016-12-06,3.50
2016-12-07,3.50
2016-12-08,3.50
2016-12-09,3.50
2016-12-12,3.50
2016-12-13,3.50
2016-12-14,3.50
2016-12-15,3.75
2016-12-16,3.75
2016-12-19,3.75
2016-12-20,3.75
2016-12-21,3.75
2016-12-22,3.75
2016-12-23,3.75
2016-12-26,.
2016-12-27,3.75
2016-12-28,3.75
2016-12-29,3.75
2016-12-30,3.75
2017-01-02,.
2017-01-03,3.75
2017-01-04,3.75
2017-01-05,3.75
2017-01-06,3.75
2017-01-09,3.75
2017-01-10,3.75
2017-01-11,3.75
2017-01-12,3.75
2017-01-13,3.75
2017-01-16,.
2017-01-17,3.75
2017-01-18,3.75
2017-01-19,3.75
2017-01-20,3.75
2017-01-23,3.75
2017-01-24,3.75
2017-01-25,3.75
2017-01-26,3.75
2017-01-27,3.75
2017-01-30,3.75
2017-01-31,3.75
2017-02-01,3.75
2017-02-02,3.75
2017-02-03,3.75
2017-02-06,3.75
2017-02-07,3.75
2017-02-08,3.75
2017-02-09,3.75
2017-02-10,3.75
2017-02-13,3.75
2017-02-14,3.75
2017-02-15,3.75
2017-02-16,3.75
2017-02-17,3.75
2017-02-20,.
2017-02-21,3.75
2017-02-22,3.75
2017-02-23,3.75
2017-02-24,3.75
2017-02-27,3.75
2017-02-28,3.75
2017-03-01,3.75
2017-03-02,3.75
2017-03-03,3.75
2017-03-06,3.75
2017-03-07,3.75
2017-03-08,3.75
2017-03-09,3.75
2017-03-10,3.75
2017-03-13,3.75
2017-03-14,3.75
2017-03-15,3.75
2017-03-16,4.00
2017-03-17,4.00
2017-03-20,4.00
2017-03-21,4.00
2017-03-22,4.00
2017-03-23,4.00
2017-03-24,4.00
2017-03-27,4.00
2017-03-28,4.00
2017-03-29,4.00
2017-03-30,4.00
2017-03-31,4.00
2017-04-03,4.00
2017-04-04,4.00
2017-04-05,4.00
2017-04-06,4.00
2017-04-07,4.00
2017-04-10,4.00
2017-04-11,4.00
2017-04-12,4.00
2017-04-13,4.00
2017-04-14,4.00
2017-04-17,4.00
2017-04-18,4.00
2017-04-19,4.00
2017-04-20,4.00
2017-04-21,4.00
2017-04-24,4.00
2017-04-25,4.00
2017-04-26,4.00
2017-04-27,4.00
2017-04-28,4.00
2017-05-01,4.00
2017-05-02,4.00
2017-05-03,4.00
2017-05-04,4.00
2017-05-05,4.00
2017-05-08,4.00
2017-05-09,4.00
2017-05-10,4.00
2017-05-11,4.00
2017-05-12,4.00
2017-05-15,4.00
2017-05-16,4.00
2017-05-17,4.00
2017-05-18,4.00
2017-05-19,4.00
2017-05-22,4.00
2017-05-23,4.00
2017-05-24,4.00
2017-05-25,4.00
2017-05-26,4.00
2017-05-29,4.00
2017-05-30,4.00
2017-05-31,4.00
2017-06-01,4.00
2017-06-02,4.00
2017-06-05,4.00
2017-06-06,4.00
2017-06-07,4.00
2017-06-08,4.00
2017-06-09,4.00
2017-06-12,4.00
2017-06-13,4.00
2017-06-14,4.00
2017-06-15,4.25
2017-06-16,4.25
2017-06-19,4.25
2017-06-20,4.25
2017-06-21,4.25
2017-06-22,4.25
2017-06-23,4.25
2017-06-26,4.25
2017-06-27,4.25
2017-06-28,4.25
2017-06-29,4.25
2017-06-30,4.25
2017-07-03,4.25
2017-07-04,.
2017-07-05,4.25
2017-07-06,4.25
2017-07-07,4.25
2017-07-10,4.25
2017-07-11,4.25
2017-07-12,4.25
2017-07-13,4.25
2017-07-14,4.25
2017-07-17,4.25
2017-07-18,4.25
2017-07-19,4.25
2017-07-20,4.25
2017-07-21,4.25
2017-07-24,4.25
2017-07-25,4.25
2017-07-26,4.25
2017-07-27,4.25
2017-07-28,4.25
2017-07-31,4.25
2017-08-01,4.25
2017-08-02,4.25
2017-08-03,4.25
2017-08-04,4.25
2017-08-07,4.25
2017-08-08,4.25
2017-08-09,4.25
2017-08-10,4.25
2017-08-11,4.25
2017-08-14,4.25
2017-08-15,4.25
2017-08-16,4.25
2017-08-17,4.25
2017-08-18,4.25
2017-08-21,4.25
2017-08-22,4.25
2017-08-23,4.25
2017-08-24,4.25
2017-08-25,4.25
2017-08-28,4.25
2017-08-29,4.25
2017-08-30,4.25
2017-08-31,4.25
2017-09-01,4.25
2017-09-04,.
2017-09-05,4.25
2017-09-06,4.25
2017-09-07,4.25
2017-09-08,4.25
2017-09-11,4.25
2017-09-12,4.25
2017-09-13,4.25
2017-09-14,4.25
2017-09-15,4.25
2017-09-18,4.25
2017-09-19,4.25
2017-09-20,4.25
2017-09-21,4.25
2017-09-22,4.25
2017-09-25,4.25
2017-09-26,4.25
2017-09-27,4.25
2017-09-28,4.25
2017-09-29,4.25
2017-10-02,4.25
2017-10-03,4.25
2017-10-04,4.25
2017-10-05,4.25
2017-10-06,4.25
2017-10-09,.
2017-10-10,4.25
2017-10-11,4.25
2017-10-12,4.25
2017-10-13,4.25
2017-10-16,4.25
2017-10-17,4.25
2017-10-18,4.25
2017-10-19,4.25
2017-10-20,4.25
2017-10-23,4.25
2017-10-24,4.25
2017-10-25,4.25
2017-10-26,4.25
2017-10-27,4.25
2017-10-30,4.25
2017-10-31,4.25
2017-11-01,4.25
2017-11-02,4.25
2017-11-03,4.25
2017-11-06,4.25
2017-11-07,4.25
2017-11-08,4.25
2017-11-09,4.25
2017-11-10,4.25
2017-11-13,4.25
2017-11-14,4.25
2017-11-15,4.25
2017-11-16,4.25
2017-11-17,4.25
2017-11-20,4.25
2017-11-21,4.25
2017-11-22,4.25
2017-11-23,.
2017-11-24,4.25
2017-11-27,4.25
2017-11-28,4.25
2017-11-29,4.25
2017-11-30,4.25
2017-12-01,4.25
2017-12-04,4.25
2017-12-05,4.25
2017-12-06,4.25
2017-12-07,4.25
2017-12-08,4.25
2017-12-11,4.25
2017-12-12,4.25
2017-12-13,4.25
2017-12-14,4.50
2017-12-15,4.50
2017-12-18,4.50
2017-12-19,4.50
2017-12-20,4.50
2017-12-21,4.50
2017-12-22,4.50
2017-12-25,.
2017-12-26,4.50
2017-12-27,4.50
2017-12-28,4.50
2017-12-29,4.50
2018-01-01,.
2018-01-02,4.50
2018-01-03,4.50
2018-01-04,4.50
2018-01-05,4.50
2018-01-08,4.50
2018-01-09,4.50
2018-01-10,4.50
2018-01-11,4.50
2018-01-12,4.50
2018-01-15,.
2018-01-16,4.50
2018-01-17,4.50
2018-01-18,4.50
2018-01-19,4.50
2018-01-22,4.50
2018-01-23,4.50
2018-01-24,4.50
2018-01-25,4.50
2018-01-26,4.50
2018-01-29,4.50
2018-01-30,4.50
2018-01-31,4.50
2018-02-01,4.50
2018-02-02,4.50
2018-02-05,4.50
2018-02-06,4.50
2018-02-07,4.50
2018-02-08,4.50
2018-02-09,4.50
2018-02-12,4.50
2018-02-13,4.50
2018-02-14,4.50
2018-02-15,4.50
2018-02-16,4.50
2018-02-19,.
2018-02-20,4.50
2018-02-21,4.50
2018-02-22,4.50
2018-02-23,4.50
2018-02-26,4.50
2018-02-27,4.50
2018-02-28,4.50
2018-03-01,4.50
2018-03-02,4.50
2018-03-05,4.50
2018-03-06,4.50
2018-03-07,4.50
2018-03-08,4.50
2018-03-09,4.50
2018-03-12,4.50
2018-03-13,4.50
2018-03-14,4.50
2018-03-15,4.50
2018-03-16,4.50
2018-03-19,4.50
2018-03-20,4.50
2018-03-21,4.50
2018-03-22,4.75
2018-03-23,4.75
2018-03-26,4.75
2018-03-27,4.75
2018-03-28,4.75
2018-03-29,4.75
2018-03-30,4.75
2018-04-02,4.75
2018-04-03,4.75
2018-04-04,4.75
2018-04-05,4.75
2018-04-06,4.75
2018-04-09,4.75
2018-04-10,4.75
2018-04-11,4.75
2018-04-12,4.75
2018-04-13,4.75
2018-04-16,4.75
2018-04-17,4.75
2018-04-18,4.75
2018-04-19,4.75
2018-04-20,4.75
2018-04-23,4.75
2018-04-24,4.75
2018-04-25,4.75
2018-04-26,4.75
2018-04-27,4.75
2018-04-30,4.75
2018-05-01,4.75
2018-05-02,4.75
2018-05-03,4.75
2018-05-04,4.75
2018-05-07,4.75
2018-05-08,4.75
2018-05-09,4.75
2018-05-10,4.75
2018-05-11,4.75
2018-05-14,4.75
2018-05-15,4.75
2018-05-16,4.75
2018-05-17,4.75
2018-05-18,4.75
2018-05-21,4.75
2018-05-22,4.75
2018-05-23,4.75
2018-05-24,4.75
2018-05-25,4.75
2018-05-28,.
2018-05-29,4.75
2018-05-30,4.75
2018-05-31,4.75
2018-06-01,4.75
2018-06-04,4.75
2018-06-05,4.75
2018-06-06,4.75
2018-06-07,4.75
2018-06-08,4.75
2018-06-11,4.75
2018-06-12,4.75
2018-06-13,4.75
2018-06-14,5.00
2018-06-15,5.00
2018-06-18,5.00
2018-06-19,5.00
2018-06-20,5.00
2018-06-21,5.00
2018-06-22,5.00
2018-06-25,5.00
2018-06-26,5.00
2018-06-27,5.00
2018-06-28,5.00
2018-06-29,5.00
2018-07-02,5.00
2018-07-03,5.00
2018-07-04,.
2018-07-05,5.00
2018-07-06,5.00
2018-07-09,5.00
2018-07-10,5.00
2018-07-11,5.00
2018-07-12,5.00
2018-07-13,5.00
2018-07-16,5.00
2018-07-17,5.00
2018-07-18,5.00
2018-07-19,5.00
2018-07-20,5.00
2018-07-23,5.00
2018-07-24,5.00
2018-07-25,5.00
2018-07-26,5.00
2018-07-27,5.00
2018-07-30,5.00
2018-07-31,5.00
2018-08-01,5.00
2018-08-02,5.00
2018-08-03,5.00
2018-08-06,5.00
2018-08-07,5.00
2018-08-08,5.00
2018-08-09,5.00
2018-08-10,5.00
2018-08-13,5.00
2018-08-14,5.00
2018-08-15,5.00
2018-08-16,5.00
2018-08-17,5.00
2018-08-20,5.00
2018-08-21,5.00
2018-08-22,5.00
2018-08-23,5.00
2018-08-24,5.00
2018-08-27,5.00
2018-08-28,5.00
2018-08-29,5.00
2018-08-30,5.00
2018-08-31,5.00
2018-09-03,.
2018-09-04,5.00
2018-09-05,5.00
2018-09-06,5.00
2018-09-07,5.00
2018-09-10,5.00
2018-09-11,5.00
2018-09-12,5.00
2018-09-13,5.00
2018-09-14,5.00
2018-09-17,5.00
2018-09-18,5.00
2018-09-19,5.00
2018-09-20,5.00
2018-09-21,5.00
2018-09-24,5.00
2018-09-25,5.00
2018-09-26,5.00
2018-09-27,5.25
2018-09-28,5.25
2018-10-01,5.25
2018-10-02,5.25
2018-10-03,5.25
2018-10-04,5.25
2018-10-05,5.25
2018-10-08,.
2018-10-09,5.25
2018-10-10,5.25
2018-10-11,5.25
2018-10-12,5.25
2018-10-15,5.25
2018-10-16,5.25
2018-10-17,5.25
2018-10-18,5.25
2018-10-19,5.25
2018-10-22,5.25
2018-10-23,5.25
2018-10-24,5.25
2018-10-25,5.25
2018-10-26,5.25
2018-10-29,5.25
2018-10-30,5.25
2018-10-31,5.25
2018-11-01,5.25
2018-11-02,5.25
2018-11-05,5.25
2018-11-06,5.25
2018-11-07,5.25
2018-11-08,5.25
2018-11-09,5.25
2018-11-12,.
2018-11-13,5.25
2018-11-14,5.25
2018-11-15,5.25
2018-11-16,5.25
2018-11-19,5.25
2018-11-20,5.25
2018-11-21,5.25
2018-11-22,.
2018-11-23,5.25
2018-11-26,5.25
2018-11-27,5.25
2018-11-28,5.25
2018-11-29,5.25
2018-11-30,5.25
2018-12-03,5.25
2018-12-04,5.25
2018-12-05,5.25
2018-12-06,5.25
2018-12-07,5.25
2018-12-10,5.25
2018-12-11,5.25
2018-12-12,5.25
2018-12-13,5.25
2018-12-14,5.25
2018-12-17,5.25
2018-12-18,5.25
2018-12-19,5.25
2018-12-20,5.50
2018-12-21,5.50
2018-12-24,5.50
2018-12-25,.
2018-12-26,5.50
2018-12-27,5.50
2018-12-28,5.50
2018-12-31,5.50
2019-01-01,.
2019-01-02,5.50
2019-01-03,5.50
2019-01-04,5.50
2019-01-07,5.50
2019-01-08,5.50
2019-01-09,5.50
2019-01-10,5.50
2019-01-11,5.50
2019-01-14,5.50
2019-01-15,5.50
2019-01-16,5.50
2019-01-17,5.50
2019-01-18,5.50
2019-01-21,.
2019-01-22,5.50
2019-01-23,5.50
2019-01-24,5.50
2019-01-25,5.50
2019-01-28,5.50
2019-01-29,5.50
2019-01-30,5.50
2019-01-31,5.50
2019-02-01,5.50
2019-02-04,5.50
2019-02-05,5.50
2019-02-06,5.50
2019-02-07,5.50
2019-02-08,5.50
2019-02-11,5.50
2019-02-12,5.50
2019-02-13,5.50
2019-02-14,5.50
2019-02-15,5.50
2019-02-18,5.50
2019-02-19,5.50
2019-02-20,5.50
2019-02-21,5.50
2019-02-22,5.50
2019-02-25,5.50
2019-02-26,5.50
2019-02-27,5.50
2019-02-28,5.50
2019-03-01,5.50
2019-03-04,5.50
2019-03-05,5.50
2019-03-06,5.50
2019-03-07,5.50
2019-03-08,5.50
2019-03-11,5.50
2019-03-12,5.50
2019-03-13,5.50
2019-03-14,5.50
2019-03-15,5.50
2019-03-18,5.50
2019-03-19,5.50
2019-03-20,5.50
2019-03-21,5.50
2019-03-22,5.50
2019-03-25,5.50
2019-03-26,5.50
2019-03-27,5.50
2019-03-28,5.50
2019-03-29,5.50
2019-04-01,5.50
2019-04-02,5.50
2019-04-03,5.50
2019-04-04,5.50
2019-04-05,5.50
2019-04-08,5.50
2019-04-09,5.50
2019-04-10,5.50
2019-04-11,5.50
2019-04-12,5.50
2019-04-15,5.50
2019-04-16,5.50
2019-04-17,5.50
2019-04-18,5.50
2019-04-19,5.50
2019-04-22,5.50
2019-04-23,5.50
2019-04-24,5.50
2019-04-25,5.50
2019-04-26,5.50
2019-04-29,5.50
2019-04-30,5.50
2019-05-01,5.50
2019-05-02,5.50
2019-05-03,5.50
2019-05-06,5.50
2019-05-07,5.50
2019-05-08,5.50
2019-05-09,5.50
2019-05-10,5.50
2019-05-13,5.50
2019-05-14,5.50
2019-05-15,5.50
2019-05-16,5.50
2019-05-17,5.50
2019-05-20,5.50
2019-05-21,5.50
2019-05-22,5.50
2019-05-23,5.50
2019-05-24,5.50
2019-05-27,.
2019-05-28,5.50
2019-05-29,5.50
2019-05-30,5.50
2019-05-31,5.50
2019-06-03,5.50
2019-06-04,5.50
2019-06-05,5.50
2019-06-06,5.50
2019-06-07,5.50
2019-06-10,5.50
2019-06-11,5.50
2019-06-12,5.50
2019-06-13,5.50
2019-06-14,5.50
2019-06-17,5.50
2019-06-18,5.50
2019-06-19,5.50
2019-06-20,5.50
2019-06-21,5.50
2019-06-24,5.50
2019-06-25,5.50
2019-06-26,5.50
2019-06-27,5.50
2019-06-28,5.50
2019-07-01,5.50
2019-07-02,5.50
2019-07-03,5.50
2019-07-04,5.50
2019-07-05,5.50
2019-07-08,5.50
2019-07-09,5.50
2019-07-10,5.50
2019-07-11,5.50
2019-07-12,5.50
2019-07-15,5.50
2019-07-16,5.50
2019-07-17,5.50
2019-07-18,5.50
2019-07-19,5.50
2019-07-22,5.50
2019-07-23,5.50
2019-07-24,5.50
2019-07-25,5.50
2019-07-26,5.50
2019-07-29,5.50
2019-07-30,5.50
2019-07-31,5.50
2019-08-01,5.25
2019-08-02,5.25
2019-08-05,5.25
2019-08-06,5.25
2019-08-07,5.25
2019-08-08,5.25
2019-08-09,5.25
2019-08-12,5.25
2019-08-13,5.25
2019-08-14,5.25
2019-08-15,5.25
2019-08-16,5.25
2019-08-19,5.25
2019-08-20,5.25
2019-08-21,5.25
2019-08-22,5.25
2019-08-23,5.25
2019-08-26,5.25
2019-08-27,5.25
2019-08-28,5.25
2019-08-29,5.25
2019-08-30,5.25
2019-09-02,.
2019-09-03,5.25
2019-09-04,5.25
2019-09-05,5.25
2019-09-06,5.25
2019-09-09,5.25
2019-09-10,5.25
2019-09-11,5.25
2019-09-12,5.25
2019-09-13,5.25
2019-09-16,5.25
2019-09-17,5.25
2019-09-18,5.25
2019-09-19,5.00
2019-09-20,5.00
2019-09-23,5.00
2019-09-24,5.00
2019-09-25,5.00
2019-09-26,5.00
2019-09-27,5.00
2019-09-30,5.00
2019-10-01,5.00
2019-10-02,5.00
2019-10-03,5.00
2019-10-04,5.00
2019-10-07,5.00
2019-10-08,5.00
2019-10-09,5.00
2019-10-10,5.00
2019-10-11,5.00
2019-10-14,.
2019-10-15,5.00
2019-10-16,5.00
2019-10-17,5.00
2019-10-18,5.00
2019-10-21,5.00
2019-10-22,5.00
2019-10-23,5.00
2019-10-24,5.00
2019-10-25,5.00
2019-10-28,5.00
2019-10-29,5.00
2019-10-30,5.00
2019-10-31,4.75
2019-11-01,4.75
2019-11-04,4.75
2019-11-05,4.75
2019-11-06,4.75
2019-11-07,4.75
2019-11-08,4.75
2019-11-11,.
2019-11-12,4.75
2019-11-13,4.75
2019-11-14,4.75
2019-11-15,4.75
2019-11-18,4.75
2019-11-19,4.75
2019-11-20,4.75
2019-11-21,4.75
2019-11-22,4.75
2019-11-25,4.75
2019-11-26,4.75
2019-11-27,4.75
2019-11-28,.
2019-11-29,4.75
2019-12-02,4.75
2019-12-03,4.75
2019-12-04,4.75
2019-12-05,4.75
2019-12-06,4.75
2019-12-09,4.75
2019-12-10,4.75
2019-12-11,4.75
2019-12-12,4.75
2019-12-13,4.75
2019-12-16,4.75
2019-12-17,4.75
2019-12-18,4.75
2019-12-19,4.75
2019-12-20,4.75
2019-12-23,4.75
2019-12-24,4.75
2019-12-25,.
2019-12-26,4.75
2019-12-27,4.75
2019-12-30,4.75
2019-12-31,4.75
2020-01-01,.
2020-01-02,4.75
2020-01-03,4.75
2020-01-06,4.75
2020-01-07,4.75
2020-01-08,4.75
2020-01-09,4.75
2020-01-10,4.75
2020-01-13,4.75
2020-01-14,4.75
2020-01-15,4.75
2020-01-16,4.75
2020-01-17,4.75
2020-01-20,.
2020-01-21,4.75
2020-01-22,4.75
2020-01-23,4.75
2020-01-24,4.75
2020-01-27,4.75
2020-01-28,4.75
2020-01-29,4.75
2020-01-30,4.75
2020-01-31,4.75
2020-02-03,4.75
2020-02-04,4.75
2020-02-05,4.75
2020-02-06,4.75
2020-02-07,4.75
2020-02-10,4.75
2020-02-11,4.75
2020-02-12,4.75
2020-02-13,4.75
2020-02-14,4.75
2020-02-17,.
2020-02-18,4.75
2020-02-19,4.75
2020-02-20,4.75
2020-02-21,4.75
2020-02-24,4.75
2020-02-25,4.75
2020-02-26,4.75
2020-02-27,4.75
2020-02-28,4.75
2020-03-02,4.75
2020-03-03,4.75
2020-03-04,4.25
2020-03-05,4.25
2020-03-06,4.25
2020-03-09,4.25
2020-03-10,4.25
2020-03-11,4.25
2020-03-12,4.25
2020-03-13,4.25
2020-03-16,3.25
2020-03-17,3.25
2020-03-18,3.25
2020-03-19,3.25
2020-03-20,3.25
2020-03-23,3.25
2020-03-24,3.25
2020-03-25,3.25
2020-03-26,3.25
2020-03-27,3.25
2020-03-30,3.25
2020-03-31,3.25
2020-04-01,3.25
2020-04-02,3.25
2020-04-03,3.25
2020-04-06,3.25
2020-04-07,3.25
2020-04-08,3.25
2020-04-09,3.25
2020-04-10,3.25
2020-04-13,3.25
2020-04-14,3.25
2020-04-15,3.25
2020-04-16,3.25
2020-04-17,3.25
2020-04-20,3.25
2020-04-21,3.25
2020-04-22,3.25
2020-04-23,3.25
2020-04-24,3.25
2020-04-27,3.25
2020-04-28,3.25
2020-04-29,3.25
2020-04-30,3.25
2020-05-01,3.25
2020-05-04,3.25
2020-05-05,3.25
2020-05-06,3.25
2020-05-07,3.25
2020-05-08,3.25
2020-05-11,3.25
2020-05-12,3.25
2020-05-13,3.25
2020-05-14,3.25
2020-05-15,3.25
2020-05-18,3.25
2020-05-19,3.25
2020-05-20,3.25
2020-05-21,3.25
2020-05-22,3.25
2020-05-25,.
2020-05-26,3.25
2020-05-27,3.25
2020-05-28,3.25
2020-05-29,3.25
2020-06-01,3.25
2020-06-02,3.25
2020-06-03,3.25
2020-06-04,3.25
2020-06-05,3.25
2020-06-08,3.25
2020-06-09,3.25
2020-06-10,3.25
2020-06-11,3.25
2020-06-12,3.25
2020-06-15,3.25
2020-06-16,3.25
2020-06-17,3.25
2020-06-18,3.25
2020-06-19,3.25
2020-06-22,3.25
2020-06-23,3.25
2020-06-24,3.25
2020-06-25,3.25
2020-06-26,3.25
2020-06-29,3.25
2020-06-30,3.25
2020-07-01,3.25
2020-07-02,3.25
2020-07-03,3.25
2020-07-06,3.25
2020-07-07,3.25
2020-07-08,3.25
2020-07-09,3.25
2020-07-10,3.25
2020-07-13,3.25
2020-07-14,3.25
2020-07-15,3.25
2020-07-16,3.25
2020-07-17,3.25
2020-07-20,3.25
2020-07-21,3.25
2020-07-22,3.25
2020-07-23,3.25
2020-07-24,3.25
2020-07-27,3.25
2020-07-28,3.25
2020-07-29,3.25
2020-07-30,3.25
2020-07-31,3.25
2020-08-03,3.25
2020-08-04,3.25
2020-08-05,3.25
2020-08-06,3.25
2020-08-07,3.25
2020-08-10,3.25
2020-08-11,3.25
2020-08-12,3.25
2020-08-13,3.25
2020-08-14,3.25
2020-08-17,3.25
2020-08-18,3.25
2020-08-19,3.25
2020-08-20,3.25
2020-08-21,3.25
2020-08-24,3.25
2020-08-25,3.25
2020-08-26,3.25
2020-08-27,3.25
2020-08-28,3.25
2020-08-31,3.25
2020-09-01,3.25
2020-09-02,3.25
2020-09-03,3.25
2020-09-04,3.25
2020-09-07,.
2020-09-08,3.25
2020-09-09,3.25
2020-09-10,3.25
2020-09-11,3.25
2020-09-14,3.25
2020-09-15,3.25
2020-09-16,3.25
2020-09-17,3.25
2020-09-18,3.25
2020-09-21,3.25
2020-09-22,3.25
2020-09-23,3.25
2020-09-24,3.25
2020-09-25,3.25
2020-09-28,3.25
2020-09-29,3.25
2020-09-30,3.25
2020-10-01,3.25
2020-10-02,3.25
2020-10-05,3.25
2020-10-06,3.25
2020-10-07,3.25
2020-10-08,3.25
2020-10-09,3.25
2020-10-12,.
2020-10-13,3.25
2020-10-14,3.25
2020-10-15,3.25
2020-10-16,3.25
2020-10-19,3.25
2020-10-20,3.25
2020-10-21,3.25
2020-10-22,3.25
2020-10-23,3.25
2020-10-26,3.25
2020-10-27,3.25
2020-10-28,3.25
2020-10-29,3.25
2020-10-30,3.25
2020-11-02,3.25
2020-11-03,3.25
2020-11-04,3.25
2020-11-05,3.25
2020-11-06,3.25
2020-11-09,3.25
2020-11-10,3.25
2020-11-11,.
2020-11-12,3.25
2020-11-13,3.25
2020-11-16,3.25
2020-11-17,3.25
2020-11-18,3.25
2020-11-19,3.25
2020-11-20,3.25
2020-11-23,3.25
2020-11-24,3.25
2020-11-25,3.25
2020-11-26,.
2020-11-27,3.25
2020-11-30,3.25
2020-12-01,3.25
2020-12-02,3.25
2020-12-03,3.25
2020-12-04,3.25
2020-12-07,3.25
2020-12-08,3.25
2020-12-09,3.25
2020-12-10,3.25
2020-12-11,3.25
2020-12-14,3.25
2020-12-15,3.25
2020-12-16,3.25
2020-12-17,3.25
2020-12-18,3.25
2020-12-21,3.25
2020-12-22,3.25
2020-12-23,3.25
2020-12-24,3.25
2020-12-25,.
2020-12-28,3.25
2020-12-29,3.25
2020-12-30,3.25
2020-12-31,3.25
2021-01-01,.
2021-01-04,3.25
2021-01-05,3.25
2021-01-06,3.25
2021-01-07,3.25
2021-01-08,3.25
2021-01-11,3.25
2021-01-12,3.25
2021-01-13,3.25
2021-01-14,3.25
2021-01-15,3.25
2021-01-18,.
2021-01-19,3.25
2021-01-20,3.25
2021-01-21,3.25
2021-01-22,3.25
2021-01-25,3.25
2021-01-26,3.25
2021-01-27,3.25
2021-01-28,3.25
2021-01-29,3.25
2021-02-01,3.25
2021-02-02,3.25
2021-02-03,3.25
2021-02-04,3.25
2021-02-05,3.25
2021-02-08,3.25
2021-02-09,3.25
2021-02-10,3.25
2021-02-11,3.25
2021-02-12,3.25
2021-02-15,.
2021-02-16,3.25
2021-02-17,3.25
2021-02-18,3.25
2021-02-19,3.25
2021-02-22,3.25
2021-02-23,3.25
2021-02-24,3.25
2021-02-25,3.25
2021-02-26,3.25
2021-03-01,3.25
2021-03-02,3.25
2021-03-03,3.25
2021-03-04,3.25
2021-03-05,3.25
2021-03-08,3.25
2021-03-09,3.25
2021-03-10,3.25
2021-03-11,3.25
2021-03-12,3.25
2021-03-15,3.25
2021-03-16,3.25
2021-03-17,3.25
2021-03-18,3.25
2021-03-19,3.25
2021-03-22,3.25
2021-03-23,3.25
2021-03-24,3.25
2021-03-25,3.25
2021-03-26,3.25
2021-03-29,3.25
2021-03-30,3.25
2021-03-31,3.25
2021-04-01,3.25
2021-04-02,3.25
2021-04-05,3.25
2021-04-06,3.25
2021-04-07,3.25
2021-04-08,3.25
2021-04-09,3.25
2021-04-12,3.25
2021-04-13,3.25
2021-04-14,3.25
2021-04-15,3.25
2021-04-16,3.25
2021-04-19,3.25
2021-04-20,3.25
2021-04-21,3.25
2021-04-22,3.25
2021-04-23,3.25
2021-04-26,3.25
2021-04-27,3.25
2021-04-28,3.25
2021-04-29,3.25
2021-04-30,3.25
2021-05-03,3.25
2021-05-04,3.25
2021-05-05,3.25
2021-05-06,3.25
2021-05-07,3.25
2021-05-10,3.25
2021-05-11,3.25
2021-05-12,3.25
2021-05-13,3.25
2021-05-14,3.25
2021-05-17,3.25
2021-05-18,3.25
2021-05-19,3.25
2021-05-20,3.25
2021-05-21,3.25
2021-05-24,3.25
2021-05-25,3.25
2021-05-26,3.25
2021-05-27,3.25
2021-05-28,3.25
2021-05-31,.
2021-06-01,3.25
2021-06-02,3.25
2021-06-03,3.25
2021-06-04,3.25
2021-06-07,3.25
2021-06-08,3.25
2021-06-09,3.25
2021-06-10,3.25
2021-06-11,3.25
2021-06-14,3.25
2021-06-15,3.25
2021-06-16,3.25
2021-06-17,3.25
2021-06-18,3.25
2021-06-21,3.25
2021-06-22,3.25
2021-06-23,3.25
2021-06-24,3.25
2021-06-25,3.25
2021-06-28,3.25
2021-06-29,3.25
2021-06-30,3.25
2021-07-01,3.25
2021-07-02,3.25
2021-07-05,.
2021-07-06,3.25
2021-07-07,3.25
2021-07-08,3.25
2021-07-09,3.25
2021-07-12,3.25
2021-07-13,3.25
2021-07-14,3.25
2021-07-15,3.25
2021-07-16,3.25
2021-07-19,3.25
2021-07-20,3.25
2021-07-21,3.25
2021-07-22,3.25
2021-07-23,3.25
2021-07-26,3.25
2021-07-27,3.25
2021-07-28,3.25
2021-07-29,3.25
2021-07-30,3.25
2021-08-02,3.25
2021-08-03,3.25
2021-08-04,3.25
2021-08-05,3.25
2021-08-06,3.25
2021-08-09,3.25
2021-08-10,3.25
2021-08-11,3.25
2021-08-12,3.25
2021-08-13,3.25
2021-08-16,3.25
2021-08-17,3.25
2021-08-18,3.25
2021-08-19,3.25
2021-08-20,3.25
2021-08-23,3.25
2021-08-24,3.25
2021-08-25,3.25
2021-08-26,3.25
2021-08-27,3.25
2021-08-30,3.25
2021-08-31,3.25
2021-09-01,3.25
2021-09-02,3.25
2021-09-03,3.25
2021-09-06,.
2021-09-07,3.25
2021-09-08,3.25
2021-09-09,3.25
2021-09-10,3.25
2021-09-13,3.25
2021-09-14,3.25
2021-09-15,3.25
2021-09-16,3.25
2021-09-17,3.25
2021-09-20,3.25
2021-09-21,3.25
2021-09-22,3.25
2021-09-23,3.25
2021-09-24,3.25
2021-09-27,3.25
2021-09-28,3.25
2021-09-29,3.25
2021-09-30,3.25
2021-10-01,3.25
2021-10-04,3.25
2021-10-05,3.25
2021-10-06,3.25
2021-10-07,3.25
2021-10-08,3.25
2021-10-11,.
2021-10-12,3.25
2021-10-13,3.25
2021-10-14,3.25
2021-10-15,3.25
2021-10-18,3.25
2021-10-19,3.25
2021-10-20,3.25
2021-10-21,3.25
2021-10-22,3.25
2021-10-25,3.25
2021-10-26,3.25
2021-10-27,3.25
2021-10-28,3.25
2021-10-29,3.25
2021-11-01,3.25
2021-11-02,3.25
2021-11-03,3.25
2021-11-04,3.25
2021-11-05,3.25
2021-11-08,3.25
2021-11-09,3.25
2021-11-10,3.25
2021-11-11,.
2021-11-12,3.25
2021-11-15,3.25
2021-11-16,3.25
2021-11-17,3.25
2021-11-18,3.25
2021-11-19,3.25
2021-11-22,3.25
2021-11-23,3.25
2021-11-24,3.25
2021-11-25,.
2021-11-26,3.25
2021-11-29,3.25
2021-11-30,3.25
2021-12-01,3.25
2021-12-02,3.25
2021-12-03,3.25
2021-12-06,3.25
2021-12-07,3.25
2021-12-08,3.25
2021-12-09,3.25
2021-12-10,3.25
2021-12-13,3.25
2021-12-14,3.25
2021-12-15,3.25
2021-12-16,3.25
2021-12-17,3.25
2021-12-20,3.25
2021-12-21,3.25
2021-12-22,3.25
2021-12-23,3.25
2021-12-24,3.25
2021-12-27,3.25
2021-12-28,3.25
2021-12-29,3.25
2021-12-30,3.25
2021-12-31,3.25
2022-01-03,3.25
2022-01-04,3.25
2022-01-05,3.25
2022-01-06,3.25
2022-01-07,3.25
2022-01-10,3.25
2022-01-11,3.25
2022-01-12,3.25
2022-01-13,3.25
2022-01-14,3.25
2022-01-17,.
2022-01-18,3.25
2022-01-19,3.25
2022-01-20,3.25
2022-01-21,3.25
2022-01-24,3.25
2022-01-25,3.25
2022-01-26,3.25
2022-01-27,3.25
2022-01-28,3.25
2022-01-31,3.25
2022-02-01,3.25
2022-02-02,3.25
2022-02-03,3.25
2022-02-04,3.25
2022-02-07,3.25
2022-02-08,3.25
2022-02-09,3.25
2022-02-10,3.25
2022-02-11,3.25
2022-02-14,3.25
2022-02-15,3.25
2022-02-16,3.25
2022-02-17,3.25
2022-02-18,3.25
2022-02-21,.
2022-02-22,3.25
2022-02-23,3.25
2022-02-24,3.25
2022-02-25,3.25
2022-02-28,3.25
2022-03-01,3.25
2022-03-02,3.25
2022-03-03,3.25
2022-03-04,3.25
2022-03-07,3.25
2022-03-08,3.25
2022-03-09,3.25
2022-03-10,3.25
2022-03-11,3.25
2022-03-14,3.25
2022-03-15,3.25
2022-03-16,3.25
2022-03-17,3.50
2022-03-18,3.50
2022-03-21,3.50
2022-03-22,3.50
2022-03-23,3.50
2022-03-24,3.50
2022-03-25,3.50
2022-03-28,3.50
2022-03-29,3.50
2022-03-30,3.50
2022-03-31,3.50
2022-04-01,3.50
2022-04-04,3.50
2022-04-05,3.50
2022-04-06,3.50
2022-04-07,3.50
2022-04-08,3.50
2022-04-11,3.50
2022-04-12,3.50
2022-04-13,3.50
2022-04-14,3.50
2022-04-15,3.50
2022-04-18,3.50
2022-04-19,3.50
2022-04-20,3.50
2022-04-21,3.50
2022-04-22,3.50
2022-04-25,3.50
2022-04-26,3.50
2022-04-27,3.50
2022-04-28,3.50
2022-04-29,3.50
2022-05-02,3.50
2022-05-03,3.50
2022-05-04,3.50
2022-05-05,4.00
2022-05-06,4.00
2022-05-09,4.00
2022-05-10,4.00
2022-05-11,4.00
2022-05-12,4.00
2022-05-13,4.00
2022-05-16,4.00
2022-05-17,4.00
2022-05-18,4.00
2022-05-19,4.00
2022-05-20,4.00
2022-05-23,4.00
2022-05-24,4.00
2022-05-25,4.00
2022-05-26,4.00
2022-05-27,4.00
2022-05-30,.
2022-05-31,4.00
2022-06-01,4.00
2022-06-02,4.00
2022-06-03,4.00
2022-06-06,4.00
2022-06-07,4.00
2022-06-08,4.00
2022-06-09,4.00
2022-06-10,4.00
2022-06-13,4.00
2022-06-14,4.00
2022-06-15,4.00
2022-06-16,4.75
2022-06-17,4.75
2022-06-20,.
2022-06-21,4.75
2022-06-22,4.75
2022-06-23,4.75
2022-06-24,4.75
2022-06-27,4.75
2022-06-28,4.75
2022-06-29,4.75
2022-06-30,4.75
2022-07-01,4.75
2022-07-04,.
2022-07-05,4.75
2022-07-06,4.75
2022-07-07,4.75
2022-07-08,4.75
2022-07-11,4.75
2022-07-12,4.75
2022-07-13,4.75
2022-07-14,4.75
2022-07-15,4.75
2022-07-18,4.75
2022-07-19,4.75
2022-07-20,4.75
2022-07-21,4.75
2022-07-22,4.75
2022-07-25,4.75
2022-07-26,4.75
2022-07-27,4.75
2022-07-28,5.50
2022-07-29,5.50
2022-08-01,5.50
2022-08-02,5.50
2022-08-03,5.50
2022-08-04,5.50
2022-08-05,5.50
2022-08-08,5.50
2022-08-09,5.50
2022-08-10,5.50
2022-08-11,5.50
2022-08-12,5.50
2022-08-15,5.50
2022-08-16,5.50
2022-08-17,5.50
2022-08-18,5.50
2022-08-19,5.50
2022-08-22,5.50
2022-08-23,5.50
2022-08-24,5.50
2022-08-25,5.50
2022-08-26,5.50
2022-08-29,5.50
2022-08-30,5.50
2022-08-31,5.50
2022-09-01,5.50
2022-09-02,5.50
2022-09-05,5.50
2022-09-06,5.50
2022-09-07,5.50
2022-09-08,5.50
2022-09-09,5.50
2022-09-12,5.50
2022-09-13,5.50
2022-09-14,5.50
2022-09-15,5.50
2022-09-16,5.50
2022-09-19,5.50
2022-09-20,5.50
2022-09-21,5.50
2022-09-22,6.25
2022-09-23,6.25
2022-09-26,6.25
2022-09-27,6.25
2022-09-28,6.25
2022-09-29,6.25
2022-09-30,6.25
2022-10-03,6.25
2022-10-04,6.25
2022-10-05,6.25
2022-10-06,6.25
2022-10-07,6.25
2022-10-10,.
2022-10-11,6.25
2022-10-12,6.25
2022-10-13,6.25
2022-10-14,6.25
2022-10-17,6.25
2022-10-18,6.25
2022-10-19,6.25
2022-10-20,6.25
2022-10-21,6.25
2022-10-24,6.25
2022-10-25,6.25
2022-10-26,6.25
2022-10-27,6.25
2022-10-28,6.25
2022-10-31,6.25
2022-11-01,6.25
2022-11-02,6.25
2022-11-03,7.00
2022-11-04,7.00
2022-11-07,7.00
2022-11-08,7.00
2022-11-09,7.00
2022-11-10,7.00
2022-11-11,.
2022-11-14,7.00
2022-11-15,7.00
2022-11-16,7.00
2022-11-17,7.00
2022-11-18,7.00
2022-11-21,7.00
2022-11-22,7.00
2022-11-23,7.00
2022-11-24,.
2022-11-25,7.00
2022-11-28,7.00
2022-11-29,7.00
2022-11-30,7.00
2022-12-01,7.00
2022-12-02,7.00
2022-12-05,7.00
2022-12-06,7.00
2022-12-07,7.00
2022-12-08,7.00
2022-12-09,7.00
2022-12-12,7.00
2022-12-13,7.00
2022-12-14,7.00
2022-12-15,7.50
2022-12-16,7.50
2022-12-19,7.50
2022-12-20,7.50
2022-12-21,7.50
2022-12-22,7.50
2022-12-23,7.50
2022-12-26,.
2022-12-27,7.50
2022-12-28,7.50
2022-12-29,7.50
2022-12-30,7.50
2023-01-02,.
2023-01-03,7.50
2023-01-04,7.50
2023-01-05,7.50
2023-01-06,7.50
2023-01-09,7.50
2023-01-10,7.50
2023-01-11,7.50
2023-01-12,7.50
2023-01-13,7.50
2023-01-16,.
2023-01-17,7.50
2023-01-18,7.50
2023-01-19,7.50
2023-01-20,7.50
2023-01-23,7.50
2023-01-24,7.50
2023-01-25,7.50
2023-01-26,7.50
2023-01-27,7.50
2023-01-30,7.50
2023-01-31,7.50
2023-02-01,7.50
2023-02-02,7.75
2023-02-03,7.75
2023-02-06,7.75
2023-02-07,7.75
2023-02-08,7.75
2023-02-09,7.75
2023-02-10,7.75
2023-02-13,7.75
2023-02-14,7.75
2023-02-15,7.75
2023-02-16,7.75
2023-02-17,7.75
2023-02-20,.
2023-02-21,7.75
2023-02-22,7.75
2023-02-23,7.75
2023-02-24,7.75
2023-02-27,7.75
2023-02-28,7.75
2023-03-01,7.75
2023-03-02,7.75
2023-03-03,7.75
2023-03-06,7.75
2023-03-07,7.75
2023-03-08,7.75
2023-03-09,7.75
2023-03-10,7.75
2023-03-13,7.75
2023-03-14,7.75
2023-03-15,7.75
2023-03-16,7.75
2023-03-17,7.75
2023-03-20,7.75
2023-03-21,7.75
2023-03-22,7.75
2023-03-23,8.00
2023-03-24,8.00
2023-03-27,8.00
2023-03-28,8.00
2023-03-29,8.00
2023-03-30,8.00
2023-03-31,8.00
2023-04-03,8.00
2023-04-04,8.00
2023-04-05,8.00
2023-04-06,8.00
2023-04-07,8.00
2023-04-10,8.00
2023-04-11,8.00
2023-04-12,8.00
2023-04-13,8.00
2023-04-14,8.00
2023-04-17,8.00
2023-04-18,8.00
2023-04-19,8.00
2023-04-20,8.00
2023-04-21,8.00
2023-04-24,8.00
2023-04-25,8.00
2023-04-26,8.00
2023-04-27,8.00
2023-04-28,8.00
2023-05-01,8.00
2023-05-02,8.00
2023-05-03,8.00
2023-05-04,8.25
2023-05-05,8.25
2023-05-08,8.25
2023-05-09,8.25
2023-05-10,8.25
2023-05-11,8.25
2023-05-12,8.25
2023-05-15,8.25
2023-05-16,8.25
2023-05-17,8.25
2023-05-18,8.25
2023-05-19,8.25
2023-05-22,8.25
2023-05-23,8.25
2023-05-24,8.25
2023-05-25,8.25
2023-05-26,8.25
2023-05-29,.
2023-05-30,8.25
2023-05-31,8.25
2023-06-01,8.25
2023-06-02,8.25
2023-06-05,8.25
2023-06-06,8.25
2023-06-07,8.25
2023-06-08,8.25
2023-06-09,8.25
2023-06-12,8.25
2023-06-13,8.25
2023-06-14,8.25
2023-06-15,8.25
2023-06-16,8.25
2023-06-19,.
2023-06-20,8.25
2023-06-21,8.25
2023-06-22,8.25
2023-06-23,8.25
2023-06-26,8.25
2023-06-27,8.25
2023-06-28,8.25
2023-06-29,8.25
2023-06-30,8.25
2023-07-03,8.25
2023-07-04,.
2023-07-05,8.25
2023-07-06,8.25
2023-07-07,8.25
2023-07-10,8.25
2023-07-11,8.25
2023-07-12,8.25
2023-07-13,8.25
2023-07-14,8.25
2023-07-17,8.25
2023-07-18,8.25
2023-07-19,8.25
2023-07-20,8.25
2023-07-21,8.25
2023-07-24,8.25
2023-07-25,8.25
2023-07-26,8.25
2023-07-27,8.50
2023-07-28,8.50
2023-07-31,8.50
2023-08-01,8.50
2023-08-02,8.50
2023-08-03,8.50
2023-08-04,8.50
2023-08-07,8.50
2023-08-08,8.50
2023-08-09,8.50
2023-08-10,8.50
2023-08-11,8.50
2023-08-14,8.50
2023-08-15,8.50
2023-08-16,8.50
2023-08-17,8.50
2023-08-18,8.50
2023-08-21,8.50
2023-08-22,8.50
2023-08-23,8.50
2023-08-24,8.50
2023-08-25,8.50
2023-08-28,8.50
2023-08-29,8.50
2023-08-30,8.50
2023-08-31,8.50
2023-09-01,8.50
2023-09-04,.
2023-09-05,8.50
2023-09-06,8.50
2023-09-07,8.50
2023-09-08,8.50
2023-09-11,8.50
2023-09-12,8.50
2023-09-13,8.50
2023-09-14,8.50
2023-09-15,8.50
2023-09-18,8.50
2023-09-19,8.50
2023-09-20,8.50
2023-09-21,8.50
2023-09-22,8.50
2023-09-25,8.50
2023-09-26,8.50
2023-09-27,8.50
2023-09-28,8.50
2023-09-29,8.50
2023-10-02,8.50
2023-10-03,8.50
2023-10-04,8.50
2023-10-05,8.50
2023-10-06,8.50
2023-10-09,8.50
2023-10-10,8.50
2023-10-11,8.50
2023-10-12,8.50
2023-10-13,8.50
2023-10-16,8.50
2023-10-17,8.50
2023-10-18,8.50
2023-10-19,8.50
2023-10-20,8.50
2023-10-23,8.50
2023-10-24,8.50
2023-10-25,8.50
2023-10-26,8.50
2023-10-27,8.50
2023-10-30,8.50
2023-10-31,8.50
2023-11-01,8.50
2023-11-02,8.50
2023-11-03,8.50
2023-11-06,8.50
2023-11-07,8.50
2023-11-08,8.50
2023-11-09,8.50
2023-11-10,8.50
2023-11-13,8.50
2023-11-14,8.50
2023-11-15,8.50
2023-11-16,8.50
2023-11-17,8.50
2023-11-20,8.50
2023-11-21,8.50
2023-11-22,8.50
2023-11-23,8.50
2023-11-24,8.50
2023-11-27,8.50
2023-11-28,8.50
2023-11-29,8.50
2023-11-30,8.50
2023-12-01,8.50
2023-12-04,8.50
2023-12-05,8.50
2023-12-06,8.50
2023-12-07,8.50
2023-12-08,8.50
2023-12-11,8.50
2023-12-12,8.50
2023-12-13,8.50
2023-12-14,8.50
2023-12-15,8.50
2023-12-18,8.50
2023-12-19,8.50
2023-12-20,8.50
2023-12-21,8.50
2023-12-22,8.50
2023-12-25,8.50
2023-12-26,8.50
2023-12-27,8.50
2023-12-28,8.50
2023-12-29,8.50
2024-01-01,8.50
2024-01-02,8.50
