Date,LT Real Average (10> Yrs)
12/31/2007,1.99
12/28/2007,2.04
12/27/2007,2.12
12/26/2007,2.19
12/24/2007,2.13
12/21/2007,2.08
12/20/2007,2
12/19/2007,2
12/18/2007,2.07
12/17/2007,2.13
12/14/2007,2.17
12/13/2007,2.14
12/12/2007,2.05
12/11/2007,2.05
12/10/2007,2.16
12/07/2007,2.13
12/06/2007,2.06
12/05/2007,1.99
12/04/2007,1.91
12/03/2007,1.87
11/30/2007,1.91
11/29/2007,1.86
11/28/2007,1.93
11/27/2007,1.85
11/26/2007,1.74
11/23/2007,1.89
11/21/2007,1.91
11/20/2007,1.97
11/19/2007,1.96
11/16/2007,2.03
11/15/2007,2.02
11/14/2007,2.05
11/13/2007,2.02
11/09/2007,2
11/08/2007,2.07
11/07/2007,2.08
11/06/2007,2.07
11/05/2007,2.06
11/02/2007,2.05
11/01/2007,2.12
10/31/2007,2.2
10/30/2007,2.15
10/29/2007,2.12
10/26/2007,2.14
10/25/2007,2.13
10/24/2007,2.15
10/23/2007,2.19
10/22/2007,2.17
10/19/2007,2.17
10/18/2007,2.27
10/17/2007,2.29
10/16/2007,2.37
10/15/2007,2.38
10/12/2007,2.39
10/11/2007,2.35
10/10/2007,2.34
10/09/2007,2.34
10/05/2007,2.36
10/04/2007,2.25
10/03/2007,2.26
10/02/2007,2.23
10/01/2007,2.26
09/28/2007,2.28
09/27/2007,2.29
09/26/2007,2.36
09/25/2007,2.38
09/24/2007,2.34
09/21/2007,2.33
09/20/2007,2.35
09/19/2007,2.24
09/18/2007,2.19
09/17/2007,2.2
09/14/2007,2.22
09/13/2007,2.26
09/12/2007,2.21
09/11/2007,2.2
09/10/2007,2.21
09/07/2007,2.26
09/06/2007,2.37
09/05/2007,2.35
09/04/2007,2.4
08/31/2007,2.4
08/30/2007,2.39
08/29/2007,2.44
08/28/2007,2.41
08/27/2007,2.41
08/24/2007,2.41
08/23/2007,2.42
08/22/2007,2.45
08/21/2007,2.44
08/20/2007,2.49
08/17/2007,2.5
08/16/2007,2.46
08/15/2007,2.53
08/14/2007,2.5
08/13/2007,2.51
08/10/2007,2.54
08/09/2007,2.53
08/08/2007,2.54
08/07/2007,2.48
08/06/2007,2.45
08/03/2007,2.43
08/02/2007,2.44
08/01/2007,2.41
07/31/2007,2.41
07/30/2007,2.47
07/27/2007,2.47
07/26/2007,2.46
07/25/2007,2.52
07/24/2007,2.54
07/23/2007,2.61
07/20/2007,2.58
07/19/2007,2.61
07/18/2007,2.61
07/17/2007,2.67
07/16/2007,2.64
07/13/2007,2.68
07/12/2007,2.69
07/11/2007,2.66
07/10/2007,2.61
07/09/2007,2.71
07/06/2007,2.74
07/05/2007,2.72
07/03/2007,2.64
07/02/2007,2.59
06/29/2007,2.62
06/28/2007,2.68
06/27/2007,2.66
06/26/2007,2.67
06/25/2007,2.63
06/22/2007,2.66
06/21/2007,2.71
06/20/2007,2.7
06/19/2007,2.65
06/18/2007,2.7
06/15/2007,2.71
06/14/2007,2.72
06/13/2007,2.7
06/12/2007,2.77
06/11/2007,2.67
06/08/2007,2.65
06/07/2007,2.66
06/06/2007,2.56
06/05/2007,2.56
06/04/2007,2.51
06/01/2007,2.55
05/31/2007,2.52
05/30/2007,2.52
05/29/2007,2.54
05/25/2007,2.51
05/24/2007,2.5
05/23/2007,2.53
05/22/2007,2.52
05/21/2007,2.48
05/18/2007,2.51
05/17/2007,2.47
05/16/2007,2.45
05/15/2007,2.45
05/14/2007,2.41
05/11/2007,2.4
05/10/2007,2.37
05/09/2007,2.38
05/08/2007,2.35
05/07/2007,2.35
05/04/2007,2.33
05/03/2007,2.33
05/02/2007,2.31
05/01/2007,2.31
04/30/2007,2.29
04/27/2007,2.36
04/26/2007,2.35
04/25/2007,2.33
04/24/2007,2.3
04/23/2007,2.32
04/20/2007,2.34
04/19/2007,2.33
04/18/2007,2.33
04/17/2007,2.34
04/16/2007,2.37
04/13/2007,2.39
04/12/2007,2.37
04/11/2007,2.36
04/10/2007,2.36
04/09/2007,2.36
04/06/2007,2.35
04/05/2007,2.32
04/04/2007,2.32
04/03/2007,2.33
04/02/2007,2.3
03/30/2007,2.3
03/29/2007,2.28
03/28/2007,2.28
03/27/2007,2.25
03/26/2007,2.25
03/23/2007,2.27
03/22/2007,2.27
03/21/2007,2.24
03/20/2007,2.27
03/19/2007,2.27
03/16/2007,2.24
03/15/2007,2.25
03/14/2007,2.27
03/13/2007,2.24
03/12/2007,2.29
03/09/2007,2.29
03/08/2007,2.22
03/07/2007,2.2
03/06/2007,2.21
03/05/2007,2.2
03/02/2007,2.19
03/01/2007,2.21
02/28/2007,2.22
02/27/2007,2.17
02/26/2007,2.27
02/23/2007,2.32
02/22/2007,2.36
02/21/2007,2.34
02/20/2007,2.35
02/16/2007,2.36
02/15/2007,2.37
02/14/2007,2.38
02/13/2007,2.44
02/12/2007,2.44
02/09/2007,2.41
02/08/2007,2.37
02/07/2007,2.38
02/06/2007,2.39
02/05/2007,2.39
02/02/2007,2.4
02/01/2007,2.4
01/31/2007,2.38
01/30/2007,2.43
01/29/2007,2.46
01/26/2007,2.44
01/25/2007,2.43
01/24/2007,2.39
01/23/2007,2.41
01/22/2007,2.39
01/19/2007,2.42
01/18/2007,2.41
01/17/2007,2.46
01/16/2007,2.44
01/12/2007,2.47
01/11/2007,2.43
01/10/2007,2.38
01/09/2007,2.35
01/08/2007,2.34
01/05/2007,2.33
01/04/2007,2.3
01/03/2007,2.32
01/02/2007,2.33
12/31/2008,2.43
12/30/2008,2.27
12/29/2008,2.28
12/26/2008,2.25
12/24/2008,2.26
12/23/2008,2.25
12/22/2008,2.19
12/19/2008,2.15
12/18/2008,2.1
12/17/2008,2.16
12/16/2008,2.37
12/15/2008,2.6
12/12/2008,2.55
12/11/2008,2.5
12/10/2008,2.57
12/09/2008,2.59
12/08/2008,2.66
12/05/2008,2.57
12/04/2008,2.48
12/03/2008,2.64
12/02/2008,2.78
12/01/2008,2.91
11/28/2008,3.15
11/26/2008,3.22
11/25/2008,3.3
11/24/2008,3.44
11/21/2008,3.2
11/20/2008,3.01
11/19/2008,3.01
11/18/2008,2.86
11/17/2008,2.88
11/14/2008,2.91
11/13/2008,3.06
11/12/2008,2.94
11/10/2008,2.98
11/07/2008,3.05
11/06/2008,3.02
11/05/2008,3.05
11/04/2008,3.17
11/03/2008,3.36
10/31/2008,3.43
10/30/2008,3.24
10/29/2008,3.26
10/28/2008,3.22
10/27/2008,3.2
10/24/2008,3.12
10/23/2008,2.82
10/22/2008,2.75
10/21/2008,2.82
10/20/2008,2.85
10/17/2008,2.93
10/16/2008,3
10/15/2008,2.99
10/14/2008,3
10/10/2008,3.01
10/09/2008,2.93
10/08/2008,2.88
10/07/2008,2.61
10/06/2008,2.48
10/03/2008,2.49
10/02/2008,2.52
10/01/2008,2.58
09/30/2008,2.62
09/29/2008,2.37
09/26/2008,2.48
09/25/2008,2.46
09/24/2008,2.44
09/23/2008,2.39
09/22/2008,2.27
09/19/2008,2.26
09/18/2008,2.28
09/17/2008,2.19
09/16/2008,2.16
09/15/2008,2.08
09/12/2008,2.19
09/11/2008,2.05
09/10/2008,2.1
09/09/2008,2.11
09/08/2008,2.14
09/05/2008,2.21
09/04/2008,2.22
09/03/2008,2.18
09/02/2008,2.15
08/29/2008,2.17
08/28/2008,2.1
08/27/2008,2.06
08/26/2008,2.09
08/25/2008,2.06
08/22/2008,2.11
08/21/2008,2.09
08/20/2008,2.09
08/19/2008,2.13
08/18/2008,2.11
08/15/2008,2.12
08/14/2008,2.15
08/13/2008,2.21
08/12/2008,2.19
08/11/2008,2.22
08/08/2008,2.13
08/07/2008,2.11
08/06/2008,2.23
08/05/2008,2.19
08/04/2008,2.12
08/01/2008,2.11
07/31/2008,2.14
07/30/2008,2.19
07/29/2008,2.21
07/28/2008,2.17
07/25/2008,2.24
07/24/2008,2.15
07/23/2008,2.25
07/22/2008,2.19
07/21/2008,2.15
07/18/2008,2.13
07/17/2008,2.11
07/16/2008,2.04
07/15/2008,1.97
07/14/2008,1.97
07/11/2008,2.03
07/10/2008,1.93
07/09/2008,1.92
07/08/2008,1.98
07/07/2008,1.99
07/03/2008,1.98
07/02/2008,1.99
07/01/2008,2.06
06/30/2008,2.07
06/27/2008,2.06
06/26/2008,2.1
06/25/2008,2.18
06/24/2008,2.17
06/23/2008,2.25
06/20/2008,2.23
06/19/2008,2.26
06/18/2008,2.2
06/17/2008,2.27
06/16/2008,2.26
06/13/2008,2.32
06/12/2008,2.3
06/11/2008,2.24
06/10/2008,2.23
06/09/2008,2.15
06/06/2008,2.14
06/05/2008,2.27
06/04/2008,2.21
06/03/2008,2.12
06/02/2008,2.11
05/30/2008,2.13
05/29/2008,2.16
05/28/2008,2.11
05/27/2008,2.01
05/23/2008,1.91
05/22/2008,1.94
05/21/2008,1.86
05/20/2008,1.88
05/19/2008,1.93
05/16/2008,1.97
05/15/2008,1.97
05/14/2008,2.04
05/13/2008,2.04
05/12/2008,1.95
05/09/2008,1.95
05/08/2008,1.98
05/07/2008,2.05
05/06/2008,2.07
05/05/2008,2.03
05/02/2008,2.03
05/01/2008,2.01
04/30/2008,1.98
04/29/2008,2.04
04/28/2008,2.05
04/25/2008,2.08
04/24/2008,2.04
04/23/2008,1.95
04/22/2008,1.92
04/21/2008,1.94
04/18/2008,1.96
04/17/2008,1.94
04/16/2008,1.94
04/15/2008,1.83
04/14/2008,1.78
04/11/2008,1.75
04/10/2008,1.81
04/09/2008,1.76
04/08/2008,1.84
04/07/2008,1.83
04/04/2008,1.79
04/03/2008,1.89
04/02/2008,1.87
04/01/2008,1.89
03/31/2008,1.81
03/28/2008,1.86
03/27/2008,1.93
03/26/2008,1.94
03/25/2008,1.91
03/24/2008,1.88
03/20/2008,1.7
03/19/2008,1.75
03/18/2008,1.8
03/17/2008,1.75
03/14/2008,1.63
03/13/2008,1.69
03/12/2008,1.57
03/11/2008,1.68
03/10/2008,1.6
03/07/2008,1.69
03/06/2008,1.74
03/05/2008,1.8
03/04/2008,1.79
03/03/2008,1.72
02/29/2008,1.72
02/28/2008,1.84
02/27/2008,1.96
02/26/2008,1.98
02/25/2008,2.01
02/22/2008,1.96
02/21/2008,1.92
02/20/2008,2
02/19/2008,2.02
02/15/2008,1.96
02/14/2008,2.04
02/13/2008,1.87
02/12/2008,1.79
02/11/2008,1.75
02/08/2008,1.79
02/07/2008,1.87
02/06/2008,1.74
02/05/2008,1.72
02/04/2008,1.75
02/01/2008,1.68
01/31/2008,1.69
01/30/2008,1.8
01/29/2008,1.75
01/28/2008,1.71
01/25/2008,1.72
01/24/2008,1.81
01/23/2008,1.68
01/22/2008,1.71
01/18/2008,1.77
01/17/2008,1.75
01/16/2008,1.82
01/15/2008,1.76
01/14/2008,1.83
01/11/2008,1.86
01/10/2008,1.96
01/09/2008,1.86
01/08/2008,1.88
01/07/2008,1.86
01/04/2008,1.87
01/03/2008,1.87
01/02/2008,1.88
12/31/2009,2.02
12/30/2009,2
12/29/2009,2.05
12/28/2009,2.1
12/24/2009,2.12
12/23/2009,2.07
12/22/2009,2.04
12/21/2009,2.01
12/18/2009,1.93
12/17/2009,1.92
12/16/2009,1.96
12/15/2009,1.99
12/14/2009,1.97
12/11/2009,2.02
12/10/2009,2.03
12/09/2009,1.99
12/08/2009,1.93
12/07/2009,1.92
12/04/2009,1.93
12/03/2009,1.83
12/02/2009,1.77
12/01/2009,1.76
11/30/2009,1.73
11/27/2009,1.74
11/25/2009,1.76
11/24/2009,1.8
11/23/2009,1.81
11/20/2009,1.83
11/19/2009,1.82
11/18/2009,1.82
11/17/2009,1.8
11/16/2009,1.81
11/13/2009,1.93
11/12/2009,1.96
11/10/2009,1.95
11/09/2009,1.92
11/06/2009,1.96
11/05/2009,1.97
11/04/2009,1.99
11/03/2009,2.02
11/02/2009,1.99
10/30/2009,2
10/29/2009,2.08
10/28/2009,2.05
10/27/2009,2.07
10/26/2009,2.15
10/23/2009,2.08
10/22/2009,2.06
10/21/2009,1.99
10/20/2009,1.93
10/19/2009,1.93
10/16/2009,2.01
10/15/2009,2.07
10/14/2009,2.06
10/13/2009,1.98
10/09/2009,2.1
10/08/2009,2.03
10/07/2009,1.99
10/06/2009,2.06
10/05/2009,2.03
10/02/2009,2.03
10/01/2009,1.99
09/30/2009,2.03
09/29/2009,2.07
09/28/2009,2.06
09/25/2009,2.09
09/24/2009,2.13
09/23/2009,2.13
09/22/2009,2.12
09/21/2009,2.16
09/18/2009,2.18
09/17/2009,2.14
09/16/2009,2.15
09/15/2009,2.18
09/14/2009,2.17
09/11/2009,2.13
09/10/2009,2.14
09/09/2009,2.21
09/08/2009,2.21
09/04/2009,2.23
09/03/2009,2.19
09/02/2009,2.19
09/01/2009,2.23
08/31/2009,2.23
08/28/2009,2.2
08/27/2009,2.17
08/26/2009,2.13
08/25/2009,2.15
08/24/2009,2.14
08/21/2009,2.2
08/20/2009,2.1
08/19/2009,2.15
08/18/2009,2.2
08/17/2009,2.22
08/14/2009,2.28
08/13/2009,2.27
08/12/2009,2.35
08/11/2009,2.27
08/10/2009,2.31
08/07/2009,2.37
08/06/2009,2.39
08/05/2009,2.37
08/04/2009,2.37
08/03/2009,2.33
07/31/2009,2.24
07/30/2009,2.29
07/29/2009,2.34
07/28/2009,2.37
07/27/2009,2.38
07/24/2009,2.36
07/23/2009,2.36
07/22/2009,2.32
07/21/2009,2.26
07/20/2009,2.27
07/17/2009,2.35
07/16/2009,2.34
07/15/2009,2.39
07/14/2009,2.39
07/13/2009,2.37
07/10/2009,2.31
07/09/2009,2.36
07/08/2009,2.22
07/07/2009,2.25
07/06/2009,2.28
07/02/2009,2.23
07/01/2009,2.18
06/30/2009,2.15
06/29/2009,2.22
06/26/2009,2.23
06/25/2009,2.25
06/24/2009,2.31
06/23/2009,2.27
06/22/2009,2.37
06/19/2009,2.43
06/18/2009,2.52
06/17/2009,2.47
06/16/2009,2.42
06/15/2009,2.46
06/12/2009,2.46
06/11/2009,2.45
06/10/2009,2.46
06/09/2009,2.46
06/08/2009,2.5
06/05/2009,2.47
06/04/2009,2.47
06/03/2009,2.34
06/02/2009,2.3
06/01/2009,2.4
05/29/2009,2.28
05/28/2009,2.44
05/27/2009,2.44
05/26/2009,2.37
05/22/2009,2.36
05/21/2009,2.35
05/20/2009,2.21
05/19/2009,2.27
05/18/2009,2.27
05/15/2009,2.26
05/14/2009,2.31
05/13/2009,2.34
05/12/2009,2.4
05/11/2009,2.42
05/08/2009,2.51
05/07/2009,2.49
05/06/2009,2.48
05/05/2009,2.53
05/04/2009,2.54
05/01/2009,2.56
04/30/2009,2.48
04/29/2009,2.36
04/28/2009,2.32
04/27/2009,2.25
04/24/2009,2.3
04/23/2009,2.29
04/22/2009,2.42
04/21/2009,2.42
04/20/2009,2.36
04/17/2009,2.39
04/16/2009,2.28
04/15/2009,2.22
04/14/2009,2.22
04/13/2009,2.22
04/09/2009,2.27
04/08/2009,2.21
04/07/2009,2.27
04/06/2009,2.28
04/03/2009,2.24
04/02/2009,2.12
04/01/2009,2
03/31/2009,2.06
03/30/2009,1.98
03/27/2009,2
03/26/2009,2
03/25/2009,2.13
03/24/2009,2.04
03/23/2009,2.12
03/20/2009,2.14
03/19/2009,2.08
03/18/2009,2.09
03/17/2009,2.53
03/16/2009,2.5
03/13/2009,2.47
03/12/2009,2.46
03/11/2009,2.61
03/10/2009,2.66
03/09/2009,2.59
03/06/2009,2.47
03/05/2009,2.46
03/04/2009,2.58
03/03/2009,2.55
03/02/2009,2.53
02/27/2009,2.59
02/26/2009,2.5
02/25/2009,2.4
02/24/2009,2.29
02/23/2009,2.27
02/20/2009,2.26
02/19/2009,2.33
02/18/2009,2.29
02/17/2009,2.25
02/13/2009,2.41
02/12/2009,2.29
02/11/2009,2.28
02/10/2009,2.29
02/09/2009,2.33
02/06/2009,2.5
02/05/2009,2.5
02/04/2009,2.47
02/03/2009,2.5
02/02/2009,2.41
01/30/2009,2.5
01/29/2009,2.55
01/28/2009,2.53
01/27/2009,2.42
01/26/2009,2.56
01/23/2009,2.61
01/22/2009,2.63
01/21/2009,2.68
01/20/2009,2.39
01/16/2009,2.36
01/15/2009,2.36
01/14/2009,2.3
01/13/2009,2.29
01/12/2009,2.35
01/09/2009,2.45
01/08/2009,2.57
01/07/2009,2.69
01/06/2009,2.7
01/05/2009,2.71
01/02/2009,2.59
12/31/2010,1.65
12/30/2010,1.72
12/29/2010,1.7
12/28/2010,1.81
12/27/2010,1.69
12/23/2010,1.71
12/22/2010,1.68
12/21/2010,1.66
12/20/2010,1.67
12/17/2010,1.63
12/16/2010,1.72
12/15/2010,1.79
12/14/2010,1.83
12/13/2010,1.68
12/10/2010,1.75
12/09/2010,1.7
12/08/2010,1.69
12/07/2010,1.58
12/06/2010,1.46
12/03/2010,1.53
12/02/2010,1.49
12/01/2010,1.49
11/30/2010,1.39
11/29/2010,1.37
11/26/2010,1.39
11/24/2010,1.45
11/23/2010,1.35
11/22/2010,1.36
11/19/2010,1.42
11/18/2010,1.46
11/17/2010,1.47
11/16/2010,1.45
11/15/2010,1.48
11/12/2010,1.34
11/10/2010,1.24
11/09/2010,1.27
11/08/2010,1.17
11/05/2010,1.16
11/04/2010,1.13
11/03/2010,1.14
11/02/2010,1.06
11/01/2010,1.1
10/29/2010,1.11
10/28/2010,1.17
10/27/2010,1.21
10/26/2010,1.16
10/25/2010,1.1
10/22/2010,1.15
10/21/2010,1.14
10/20/2010,1.12
10/19/2010,1.12
10/18/2010,1.16
10/15/2010,1.19
10/14/2010,1.12
10/13/2010,1.16
10/12/2010,1.22
10/08/2010,1.18
10/07/2010,1.24
10/06/2010,1.19
10/05/2010,1.32
10/04/2010,1.38
10/01/2010,1.4
09/30/2010,1.4
09/29/2010,1.37
09/28/2010,1.3
09/27/2010,1.38
09/24/2010,1.41
09/23/2010,1.35
09/22/2010,1.32
09/21/2010,1.37
09/20/2010,1.5
09/17/2010,1.55
09/16/2010,1.53
09/15/2010,1.49
09/14/2010,1.44
09/13/2010,1.43
09/10/2010,1.51
09/09/2010,1.52
09/08/2010,1.47
09/07/2010,1.44
09/03/2010,1.51
09/02/2010,1.49
09/01/2010,1.47
08/31/2010,1.42
08/30/2010,1.46
08/27/2010,1.52
08/26/2010,1.44
08/25/2010,1.51
08/24/2010,1.53
08/23/2010,1.57
08/20/2010,1.59
08/19/2010,1.58
08/18/2010,1.59
08/17/2010,1.59
08/16/2010,1.55
08/13/2010,1.61
08/12/2010,1.66
08/11/2010,1.58
08/10/2010,1.61
08/09/2010,1.69
08/06/2010,1.68
08/05/2010,1.7
08/04/2010,1.73
08/03/2010,1.7
08/02/2010,1.75
07/30/2010,1.75
07/29/2010,1.82
07/28/2010,1.81
07/27/2010,1.85
07/26/2010,1.83
07/23/2010,1.83
07/22/2010,1.78
07/21/2010,1.77
07/20/2010,1.85
07/19/2010,1.85
07/16/2010,1.79
07/15/2010,1.74
07/14/2010,1.75
07/13/2010,1.8
07/12/2010,1.77
07/09/2010,1.77
07/08/2010,1.76
07/07/2010,1.8
07/06/2010,1.74
07/02/2010,1.76
07/01/2010,1.71
06/30/2010,1.66
06/29/2010,1.64
06/28/2010,1.67
06/25/2010,1.68
06/24/2010,1.7
06/23/2010,1.66
06/22/2010,1.66
06/21/2010,1.7
06/18/2010,1.71
06/17/2010,1.68
06/16/2010,1.74
06/15/2010,1.78
06/14/2010,1.77
06/11/2010,1.75
06/10/2010,1.81
06/09/2010,1.73
06/08/2010,1.73
06/07/2010,1.71
06/04/2010,1.72
06/03/2010,1.79
06/02/2010,1.8
06/01/2010,1.77
05/28/2010,1.78
05/27/2010,1.79
05/26/2010,1.76
05/25/2010,1.78
05/24/2010,1.75
05/21/2010,1.73
05/20/2010,1.78
05/19/2010,1.76
05/18/2010,1.7
05/17/2010,1.76
05/14/2010,1.72
05/13/2010,1.77
05/12/2010,1.78
05/11/2010,1.79
05/10/2010,1.79
05/07/2010,1.75
05/06/2010,1.67
05/05/2010,1.78
05/04/2010,1.79
05/03/2010,1.82
04/30/2010,1.8
04/29/2010,1.82
04/28/2010,1.9
04/27/2010,1.87
04/26/2010,1.95
04/23/2010,1.95
04/22/2010,1.95
04/21/2010,1.92
04/20/2010,1.97
04/19/2010,2
04/16/2010,1.96
04/15/2010,1.99
04/14/2010,2.02
04/13/2010,2
04/12/2010,2.01
04/09/2010,2.05
04/08/2010,2.07
04/07/2010,2.04
04/06/2010,2.15
04/05/2010,2.19
04/02/2010,2.17
04/01/2010,2.1
03/31/2010,2.1
03/30/2010,2.17
03/29/2010,2.17
03/26/2010,2.14
03/25/2010,2.17
03/24/2010,2.15
03/23/2010,2.05
03/22/2010,2.04
03/19/2010,2.05
03/18/2010,2.03
03/17/2010,2.01
03/16/2010,2.05
03/15/2010,2.08
03/12/2010,2.08
03/11/2010,2.11
03/10/2010,2.12
03/09/2010,2.13
03/08/2010,2.11
03/05/2010,2.09
03/04/2010,2.07
03/03/2010,2.09
03/02/2010,2.09
03/01/2010,2.09
02/26/2010,2.08
02/25/2010,2.11
02/24/2010,2.12
02/23/2010,2.1
02/22/2010,2.14
02/19/2010,2.1
02/18/2010,2.1
02/17/2010,2.08
02/16/2010,2.06
02/12/2010,2.09
02/11/2010,2.1
02/10/2010,2.05
02/09/2010,1.98
02/08/2010,1.95
02/05/2010,1.94
02/04/2010,1.9
02/03/2010,1.93
02/02/2010,1.89
02/01/2010,1.9
01/29/2010,1.9
01/28/2010,1.95
01/27/2010,1.97
01/26/2010,1.97
01/25/2010,1.98
01/22/2010,1.95
01/21/2010,1.93
01/20/2010,1.96
01/19/2010,2
01/15/2010,1.98
01/14/2010,1.99
01/13/2010,2.03
01/12/2010,1.94
01/11/2010,2.02
01/08/2010,1.98
01/07/2010,1.99
01/06/2010,2.01
01/05/2010,1.96
01/04/2010,2.02
12/30/2011,0.5
12/29/2011,0.5
12/28/2011,0.47
12/27/2011,0.53
12/23/2011,0.52
12/22/2011,0.48
12/21/2011,0.45
12/20/2011,0.43
12/19/2011,0.41
12/16/2011,0.47
12/15/2011,0.51
12/14/2011,0.47
12/13/2011,0.48
12/12/2011,0.56
12/09/2011,0.64
12/08/2011,0.58
12/07/2011,0.55
12/06/2011,0.55
12/05/2011,0.51
12/02/2011,0.52
12/01/2011,0.59
11/30/2011,0.56
11/29/2011,0.5
11/28/2011,0.5
11/25/2011,0.54
11/23/2011,0.48
11/22/2011,0.56
11/21/2011,0.58
11/18/2011,0.56
11/17/2011,0.56
11/16/2011,0.56
11/15/2011,0.56
11/14/2011,0.51
11/10/2011,0.51
11/09/2011,0.48
11/08/2011,0.5
11/07/2011,0.42
11/04/2011,0.47
11/03/2011,0.53
11/02/2011,0.47
11/01/2011,0.47
10/31/2011,0.6
10/28/2011,0.75
10/27/2011,0.81
10/26/2011,0.68
10/25/2011,0.66
10/24/2011,0.78
10/21/2011,0.8
10/20/2011,0.75
10/19/2011,0.78
10/18/2011,0.79
10/17/2011,0.8
10/14/2011,0.87
10/13/2011,0.83
10/12/2011,0.83
10/11/2011,0.77
10/07/2011,0.71
10/06/2011,0.68
10/05/2011,0.66
10/04/2011,0.59
10/03/2011,0.62
09/30/2011,0.77
09/29/2011,0.77
09/28/2011,0.78
09/27/2011,0.78
09/26/2011,0.77
09/23/2011,0.69
09/22/2011,0.59
09/21/2011,0.65
09/20/2011,0.69
09/19/2011,0.71
09/16/2011,0.76
09/15/2011,0.77
09/14/2011,0.75
09/13/2011,0.72
09/12/2011,0.64
09/09/2011,0.63
09/08/2011,0.66
09/07/2011,0.72
09/06/2011,0.65
09/02/2011,0.61
09/01/2011,0.73
08/31/2011,0.84
08/30/2011,0.76
08/29/2011,0.83
08/26/2011,0.76
08/25/2011,0.78
08/24/2011,0.86
08/23/2011,0.7
08/22/2011,0.62
08/19/2011,0.61
08/18/2011,0.69
08/17/2011,0.62
08/16/2011,0.7
08/15/2011,0.73
08/12/2011,0.67
08/11/2011,0.77
08/10/2011,0.53
08/09/2011,0.66
08/08/2011,0.8
08/05/2011,0.92
08/04/2011,0.81
08/03/2011,0.95
08/02/2011,0.91
08/01/2011,0.99
07/29/2011,1.03
07/28/2011,1.2
07/27/2011,1.25
07/26/2011,1.27
07/25/2011,1.28
07/22/2011,1.29
07/21/2011,1.32
07/20/2011,1.29
07/19/2011,1.22
07/18/2011,1.3
07/15/2011,1.3
07/14/2011,1.31
07/13/2011,1.24
07/12/2011,1.28
07/11/2011,1.31
07/08/2011,1.39
07/07/2011,1.45
07/06/2011,1.46
07/05/2011,1.49
07/01/2011,1.49
06/30/2011,1.48
06/29/2011,1.48
06/28/2011,1.46
06/27/2011,1.42
06/24/2011,1.37
06/23/2011,1.41
06/22/2011,1.55
06/21/2011,1.52
06/20/2011,1.54
06/17/2011,1.52
06/16/2011,1.49
06/15/2011,1.48
06/14/2011,1.55
06/13/2011,1.5
06/10/2011,1.49
06/09/2011,1.5
06/08/2011,1.48
06/07/2011,1.5
06/06/2011,1.49
06/03/2011,1.47
06/02/2011,1.49
06/01/2011,1.45
05/31/2011,1.51
05/27/2011,1.51
05/26/2011,1.49
05/25/2011,1.53
05/24/2011,1.52
05/23/2011,1.56
05/20/2011,1.56
05/19/2011,1.56
05/18/2011,1.52
05/17/2011,1.51
05/16/2011,1.52
05/13/2011,1.51
05/12/2011,1.51
05/11/2011,1.48
05/10/2011,1.46
05/09/2011,1.43
05/06/2011,1.44
05/05/2011,1.42
05/04/2011,1.42
05/03/2011,1.44
05/02/2011,1.46
04/29/2011,1.48
04/28/2011,1.5
04/27/2011,1.54
04/26/2011,1.49
04/25/2011,1.51
04/21/2011,1.53
04/20/2011,1.51
04/19/2011,1.45
04/18/2011,1.49
04/15/2011,1.49
04/14/2011,1.57
04/13/2011,1.58
04/12/2011,1.59
04/11/2011,1.66
04/08/2011,1.65
04/07/2011,1.7
04/06/2011,1.68
04/05/2011,1.6
04/04/2011,1.59
04/01/2011,1.61
03/31/2011,1.66
03/30/2011,1.68
03/29/2011,1.7
03/28/2011,1.68
03/25/2011,1.68
03/24/2011,1.65
03/23/2011,1.65
03/22/2011,1.61
03/21/2011,1.58
03/18/2011,1.55
03/17/2011,1.54
03/16/2011,1.55
03/15/2011,1.62
03/14/2011,1.64
03/11/2011,1.64
03/10/2011,1.6
03/09/2011,1.68
03/08/2011,1.71
03/07/2011,1.7
03/04/2011,1.69
03/03/2011,1.77
03/02/2011,1.71
03/01/2011,1.69
02/28/2011,1.73
02/25/2011,1.7
02/24/2011,1.73
02/23/2011,1.79
02/22/2011,1.81
02/18/2011,1.91
02/17/2011,1.95
02/16/2011,1.99
02/15/2011,1.97
02/14/2011,1.98
02/11/2011,2
02/10/2011,2.04
02/09/2011,1.97
02/08/2011,2
02/07/2011,1.95
02/04/2011,1.95
02/03/2011,1.89
02/02/2011,1.85
02/01/2011,1.82
01/31/2011,1.81
01/28/2011,1.78
01/27/2011,1.82
01/26/2011,1.82
01/25/2011,1.76
01/24/2011,1.8
01/21/2011,1.79
01/20/2011,1.8
01/19/2011,1.68
01/18/2011,1.7
01/14/2011,1.69
01/13/2011,1.65
01/12/2011,1.68
01/11/2011,1.67
01/10/2011,1.66
01/07/2011,1.68
01/06/2011,1.72
01/05/2011,1.75
01/04/2011,1.68
01/03/2011,1.69
12/31/2012,-0.04
12/28/2012,-0.09
12/27/2012,-0.11
12/26/2012,-0.09
12/24/2012,-0.08
12/21/2012,-0.09
12/20/2012,-0.05
12/19/2012,-0.04
12/18/2012,-0.03
12/17/2012,-0.07
12/14/2012,-0.13
12/13/2012,-0.11
12/12/2012,-0.15
12/11/2012,-0.2
12/10/2012,-0.22
12/07/2012,-0.19
12/06/2012,-0.21
12/05/2012,-0.18
12/04/2012,-0.16
12/03/2012,-0.14
11/30/2012,-0.12
11/29/2012,-0.09
11/28/2012,-0.07
11/27/2012,-0.07
11/26/2012,-0.06
11/23/2012,-0.03
11/21/2012,-0.04
11/20/2012,-0.06
11/19/2012,-0.11
11/16/2012,-0.14
11/15/2012,-0.15
11/14/2012,-0.16
11/13/2012,-0.17
11/09/2012,-0.16
11/08/2012,-0.19
11/07/2012,-0.13
11/06/2012,-0.04
11/05/2012,-0.07
11/02/2012,-0.06
11/01/2012,-0.09
10/31/2012,-0.11
10/29/2012,-0.08
10/26/2012,-0.03
10/25/2012,0.02
10/24/2012,-0.02
10/23/2012,-0.04
10/22/2012,-0.01
10/19/2012,-0.02
10/18/2012,0.05
10/17/2012,0.05
10/16/2012,0.01
10/15/2012,-0.06
10/12/2012,-0.06
10/11/2012,-0.06
10/10/2012,-0.08
10/09/2012,-0.09
10/05/2012,-0.08
10/04/2012,-0.13
10/03/2012,-0.11
10/02/2012,-0.11
10/01/2012,-0.05
09/28/2012,-0.04
09/27/2012,-0.06
09/26/2012,-0.07
09/25/2012,-0.03
09/24/2012,0.01
09/21/2012,0.01
09/20/2012,0.02
09/19/2012,-0.03
09/18/2012,0
09/17/2012,0
09/14/2012,-0.01
09/13/2012,0.02
09/12/2012,0.1
09/11/2012,0.03
09/10/2012,0.03
09/07/2012,0.04
09/06/2012,0.07
09/05/2012,0.01
09/04/2012,0.02
08/31/2012,0.02
08/30/2012,0.07
08/29/2012,0.05
08/28/2012,0.02
08/27/2012,0.05
08/24/2012,0.09
08/23/2012,0.09
08/22/2012,0.15
08/21/2012,0.23
08/20/2012,0.25
08/17/2012,0.26
08/16/2012,0.26
08/15/2012,0.22
08/14/2012,0.14
08/13/2012,0.08
08/10/2012,0.07
08/09/2012,0.08
08/08/2012,0.05
08/07/2012,0.01
08/06/2012,-0.02
08/03/2012,0
08/02/2012,-0.06
08/01/2012,-0.03
07/31/2012,-0.05
07/30/2012,-0.01
07/27/2012,0.04
07/26/2012,-0.03
07/25/2012,-0.05
07/24/2012,-0.05
07/23/2012,-0.04
07/20/2012,-0.04
07/19/2012,0.02
07/18/2012,0.02
07/17/2012,0.02
07/16/2012,-0.02
07/13/2012,0
07/12/2012,0.01
07/11/2012,0.03
07/10/2012,0.01
07/09/2012,0.05
07/06/2012,0.09
07/05/2012,0.12
07/03/2012,0.15
07/02/2012,0.12
06/29/2012,0.19
06/28/2012,0.13
06/27/2012,0.14
06/26/2012,0.16
06/25/2012,0.15
06/22/2012,0.2
06/21/2012,0.14
06/20/2012,0.11
06/19/2012,0.11
06/18/2012,0.09
06/15/2012,0.09
06/14/2012,0.15
06/13/2012,0.11
06/12/2012,0.15
06/11/2012,0.11
06/08/2012,0.13
06/07/2012,0.12
06/06/2012,0.07
06/05/2012,0
06/04/2012,-0.01
06/01/2012,-0.02
05/31/2012,0.12
05/30/2012,0.17
05/29/2012,0.24
05/25/2012,0.22
05/24/2012,0.21
05/23/2012,0.17
05/22/2012,0.2
05/21/2012,0.16
05/18/2012,0.18
05/17/2012,0.2
05/16/2012,0.27
05/15/2012,0.24
05/14/2012,0.27
05/11/2012,0.33
05/10/2012,0.34
05/09/2012,0.33
05/08/2012,0.31
05/07/2012,0.34
05/04/2012,0.34
05/03/2012,0.36
05/02/2012,0.35
05/01/2012,0.38
04/30/2012,0.36
04/27/2012,0.34
04/26/2012,0.32
04/25/2012,0.37
04/24/2012,0.36
04/23/2012,0.34
04/20/2012,0.37
04/19/2012,0.39
04/18/2012,0.37
04/17/2012,0.36
04/16/2012,0.38
04/13/2012,0.39
04/12/2012,0.44
04/11/2012,0.41
04/10/2012,0.4
04/09/2012,0.46
04/06/2012,0.48
04/05/2012,0.56
04/04/2012,0.57
04/03/2012,0.58
04/02/2012,0.53
03/30/2012,0.57
03/29/2012,0.51
03/28/2012,0.53
03/27/2012,0.53
03/26/2012,0.57
03/23/2012,0.51
03/22/2012,0.56
03/21/2012,0.55
03/20/2012,0.58
03/19/2012,0.59
03/16/2012,0.53
03/15/2012,0.55
03/14/2012,0.59
03/13/2012,0.48
03/12/2012,0.44
03/09/2012,0.45
03/08/2012,0.48
03/07/2012,0.46
03/06/2012,0.46
03/05/2012,0.5
03/02/2012,0.44
03/01/2012,0.44
02/29/2012,0.38
02/28/2012,0.32
02/27/2012,0.31
02/24/2012,0.35
02/23/2012,0.35
02/22/2012,0.37
02/21/2012,0.41
02/17/2012,0.4
02/16/2012,0.37
02/15/2012,0.33
02/14/2012,0.31
02/13/2012,0.37
02/10/2012,0.36
02/09/2012,0.43
02/08/2012,0.37
02/07/2012,0.39
02/06/2012,0.34
02/03/2012,0.4
02/02/2012,0.29
02/01/2012,0.31
01/31/2012,0.29
01/30/2012,0.36
01/27/2012,0.41
01/26/2012,0.42
01/25/2012,0.45
01/24/2012,0.53
01/23/2012,0.54
01/20/2012,0.51
01/19/2012,0.48
01/18/2012,0.43
01/17/2012,0.39
01/13/2012,0.43
01/12/2012,0.46
01/11/2012,0.44
01/10/2012,0.48
01/09/2012,0.44
01/06/2012,0.46
01/05/2012,0.49
01/04/2012,0.51
01/03/2012,0.53
12/31/2013,1.31
12/30/2013,1.27
12/27/2013,1.31
12/26/2013,1.3
12/24/2013,1.29
12/23/2013,1.25
12/20/2013,1.22
12/19/2013,1.29
12/18/2013,1.25
12/17/2013,1.21
12/16/2013,1.24
12/13/2013,1.25
12/12/2013,1.3
12/11/2013,1.26
12/10/2013,1.24
12/09/2013,1.28
12/06/2013,1.3
12/05/2013,1.31
12/04/2013,1.28
12/03/2013,1.2
12/02/2013,1.21
11/29/2013,1.17
11/27/2013,1.14
11/26/2013,1.11
11/25/2013,1.13
11/22/2013,1.13
11/21/2013,1.19
11/20/2013,1.23
11/19/2013,1.12
11/18/2013,1.07
11/15/2013,1.11
11/14/2013,1.1
11/13/2013,1.15
11/12/2013,1.17
11/08/2013,1.16
11/07/2013,1.03
11/06/2013,1.06
11/05/2013,1.1
11/04/2013,1.04
11/01/2013,1.04
10/31/2013,0.96
10/30/2013,0.94
10/29/2013,0.93
10/28/2013,0.92
10/25/2013,0.91
10/24/2013,0.94
10/23/2013,0.93
10/22/2013,0.95
10/21/2013,1.01
10/18/2013,0.99
10/17/2013,1.01
10/16/2013,1.05
10/15/2013,1.09
10/11/2013,1.04
10/10/2013,1.05
10/09/2013,1.01
10/08/2013,1
10/07/2013,0.98
10/04/2013,1
10/03/2013,0.98
10/02/2013,0.98
10/01/2013,1.01
09/30/2013,1
09/27/2013,1
09/26/2013,1
09/25/2013,0.98
09/24/2013,1
09/23/2013,1.01
09/20/2013,1.07
09/19/2013,1.12
09/18/2013,1.07
09/17/2013,1.2
09/16/2013,1.26
09/13/2013,1.26
09/12/2013,1.26
09/11/2013,1.25
09/10/2013,1.3
09/09/2013,1.29
09/06/2013,1.32
09/05/2013,1.35
09/04/2013,1.27
09/03/2013,1.22
08/30/2013,1.14
08/29/2013,1.1
08/28/2013,1.11
08/27/2013,1.06
08/26/2013,1.12
08/23/2013,1.17
08/22/2013,1.27
08/21/2013,1.25
08/20/2013,1.21
08/19/2013,1.27
08/16/2013,1.21
08/15/2013,1.13
08/14/2013,1.05
08/13/2013,1.02
08/12/2013,0.92
08/09/2013,0.88
08/08/2013,0.88
08/07/2013,0.9
08/06/2013,0.95
08/05/2013,1
08/02/2013,0.99
08/01/2013,1.05
07/31/2013,0.95
07/30/2013,1.01
07/29/2013,1.01
07/26/2013,0.99
07/25/2013,1.01
07/24/2013,1.02
07/23/2013,0.92
07/22/2013,0.88
07/19/2013,0.88
07/18/2013,0.97
07/17/2013,0.93
07/16/2013,0.95
07/15/2013,1
07/12/2013,1.05
07/11/2013,1.06
07/10/2013,1.11
07/09/2013,1.07
07/08/2013,1.05
07/05/2013,1.12
07/03/2013,0.95
07/02/2013,0.9
07/01/2013,0.95
06/28/2013,1
06/27/2013,1
06/26/2013,1.09
06/25/2013,1.15
06/24/2013,1.16
06/21/2013,1.12
06/20/2013,1.03
06/19/2013,0.89
06/18/2013,0.78
06/17/2013,0.81
06/14/2013,0.75
06/13/2013,0.79
06/12/2013,0.82
06/11/2013,0.74
06/10/2013,0.73
06/07/2013,0.63
06/06/2013,0.56
06/05/2013,0.55
06/04/2013,0.56
06/03/2013,0.52
05/31/2013,0.54
05/30/2013,0.53
05/29/2013,0.48
05/28/2013,0.47
05/24/2013,0.36
05/23/2013,0.39
05/22/2013,0.38
05/21/2013,0.28
05/20/2013,0.31
05/17/2013,0.29
05/16/2013,0.22
05/15/2013,0.27
05/14/2013,0.25
05/13/2013,0.21
05/10/2013,0.18
05/09/2013,0.13
05/08/2013,0.13
05/07/2013,0.11
05/06/2013,0.1
05/03/2013,0.08
05/02/2013,-0.03
05/01/2013,-0.04
04/30/2013,-0.03
04/29/2013,-0.05
04/26/2013,-0.07
04/25/2013,-0.04
04/24/2013,-0.03
04/23/2013,-0.02
04/22/2013,-0.02
04/19/2013,0
04/18/2013,0.05
04/17/2013,-0.01
04/16/2013,-0.01
04/15/2013,-0.05
04/12/2013,-0.03
04/11/2013,0.03
04/10/2013,0.07
04/09/2013,0
04/08/2013,-0.04
04/05/2013,-0.1
04/04/2013,-0.01
04/03/2013,0.06
04/02/2013,0.1
04/01/2013,0.08
03/28/2013,0.09
03/27/2013,0.09
03/26/2013,0.12
03/25/2013,0.12
03/22/2013,0.12
03/21/2013,0.14
03/20/2013,0.15
03/19/2013,0.1
03/18/2013,0.13
03/15/2013,0.16
03/14/2013,0.18
03/13/2013,0.18
03/12/2013,0.18
03/11/2013,0.2
03/08/2013,0.2
03/07/2013,0.15
03/06/2013,0.11
03/05/2013,0.07
03/04/2013,0.07
03/01/2013,0.05
02/28/2013,0.09
02/27/2013,0.07
02/26/2013,0.06
02/25/2013,0.05
02/22/2013,0.11
02/21/2013,0.13
02/20/2013,0.15
02/19/2013,0.15
02/15/2013,0.14
02/14/2013,0.11
02/13/2013,0.13
02/12/2013,0.1
02/11/2013,0.09
02/08/2013,0.09
02/07/2013,0.07
02/06/2013,0.07
02/05/2013,0.1
02/04/2013,0.06
02/01/2013,0.1
01/31/2013,0.06
01/30/2013,0.1
01/29/2013,0.1
01/28/2013,0.06
01/25/2013,0.05
01/24/2013,-0.01
01/23/2013,-0.03
01/22/2013,-0.02
01/18/2013,-0.02
01/17/2013,0
01/16/2013,-0.02
01/15/2013,-0.02
01/14/2013,0.01
01/11/2013,0.01
01/10/2013,0.02
01/09/2013,0
01/08/2013,0.02
01/07/2013,0.04
01/04/2013,0.08
01/03/2013,0.1
01/02/2013,0.01
12/31/2014,0.71
12/30/2014,0.76
12/29/2014,0.76
12/26/2014,0.76
12/24/2014,0.78
12/23/2014,0.77
12/22/2014,0.68
12/19/2014,0.71
12/18/2014,0.77
12/17/2014,0.67
12/16/2014,0.62
12/15/2014,0.7
12/12/2014,0.68
12/11/2014,0.72
12/10/2014,0.72
12/09/2014,0.74
12/08/2014,0.78
12/05/2014,0.82
12/04/2014,0.77
12/03/2014,0.81
12/02/2014,0.82
12/01/2014,0.75
11/28/2014,0.71
11/26/2014,0.74
11/25/2014,0.75
11/24/2014,0.77
11/21/2014,0.78
11/20/2014,0.83
11/19/2014,0.85
11/18/2014,0.81
11/17/2014,0.8
11/14/2014,0.77
11/13/2014,0.79
11/12/2014,0.79
11/10/2014,0.77
11/07/2014,0.73
11/06/2014,0.79
11/05/2014,0.77
11/04/2014,0.77
11/03/2014,0.78
10/31/2014,0.78
10/30/2014,0.76
10/29/2014,0.76
10/28/2014,0.76
10/27/2014,0.75
10/24/2014,0.76
10/23/2014,0.76
10/22/2014,0.71
10/21/2014,0.71
10/20/2014,0.67
10/17/2014,0.67
10/16/2014,0.66
10/15/2014,0.65
10/14/2014,0.66
10/10/2014,0.71
10/09/2014,0.74
10/08/2014,0.76
10/07/2014,0.8
10/06/2014,0.85
10/03/2014,0.85
10/02/2014,0.85
10/01/2014,0.82
09/30/2014,0.92
09/29/2014,0.9
09/26/2014,0.9
09/25/2014,0.85
09/24/2014,0.89
09/23/2014,0.87
09/22/2014,0.92
09/19/2014,0.9
09/18/2014,0.95
09/17/2014,0.93
09/16/2014,0.88
09/15/2014,0.86
09/12/2014,0.87
09/11/2014,0.79
09/10/2014,0.8
09/09/2014,0.75
09/08/2014,0.73
09/05/2014,0.72
09/04/2014,0.69
09/03/2014,0.64
09/02/2014,0.65
08/29/2014,0.6
08/28/2014,0.57
08/27/2014,0.6
08/26/2014,0.63
08/25/2014,0.61
08/22/2014,0.63
08/21/2014,0.64
08/20/2014,0.67
08/19/2014,0.65
08/18/2014,0.62
08/15/2014,0.57
08/14/2014,0.61
08/13/2014,0.64
08/12/2014,0.67
08/11/2014,0.63
08/08/2014,0.62
08/07/2014,0.61
08/06/2014,0.66
08/05/2014,0.66
08/04/2014,0.68
08/01/2014,0.66
07/31/2014,0.7
07/30/2014,0.69
07/29/2014,0.6
07/28/2014,0.64
07/25/2014,0.61
07/24/2014,0.67
07/23/2014,0.65
07/22/2014,0.64
07/21/2014,0.64
07/18/2014,0.67
07/17/2014,0.64
07/16/2014,0.72
07/15/2014,0.72
07/14/2014,0.7
07/11/2014,0.67
07/10/2014,0.7
07/09/2014,0.71
07/08/2014,0.74
07/07/2014,0.8
07/03/2014,0.82
07/02/2014,0.83
07/01/2014,0.77
06/30/2014,0.71
06/27/2014,0.72
06/26/2014,0.71
06/25/2014,0.74
06/24/2014,0.76
06/23/2014,0.8
06/20/2014,0.8
06/19/2014,0.84
06/18/2014,0.82
06/17/2014,0.86
06/16/2014,0.83
06/13/2014,0.85
06/12/2014,0.83
06/11/2014,0.88
06/10/2014,0.87
06/09/2014,0.86
06/06/2014,0.85
06/05/2014,0.86
06/04/2014,0.88
06/03/2014,0.85
06/02/2014,0.78
05/30/2014,0.71
05/29/2014,0.68
05/28/2014,0.67
05/27/2014,0.75
05/23/2014,0.77
05/22/2014,0.79
05/21/2014,0.81
05/20/2014,0.78
05/19/2014,0.79
05/16/2014,0.74
05/15/2014,0.72
05/14/2014,0.78
05/13/2014,0.86
05/12/2014,0.89
05/09/2014,0.85
05/08/2014,0.84
05/07/2014,0.84
05/06/2014,0.82
05/05/2014,0.84
05/02/2014,0.8
05/01/2014,0.83
04/30/2014,0.9
04/29/2014,0.93
04/28/2014,0.91
04/25/2014,0.88
04/24/2014,0.89
04/23/2014,0.89
04/22/2014,0.93
04/21/2014,0.95
04/17/2014,0.95
04/16/2014,0.9
04/15/2014,0.93
04/14/2014,0.94
04/11/2014,0.93
04/10/2014,0.96
04/09/2014,1.02
04/08/2014,1.01
04/07/2014,1.02
04/04/2014,1.04
04/03/2014,1.08
04/02/2014,1.11
04/01/2014,1.06
03/31/2014,1.03
03/28/2014,1.02
03/27/2014,0.97
03/26/2014,1
03/25/2014,1.03
03/24/2014,1.02
03/21/2014,1.06
03/20/2014,1.12
03/19/2014,1.08
03/18/2014,1.01
03/17/2014,1.02
03/14/2014,0.98
03/13/2014,0.99
03/12/2014,1.05
03/11/2014,1.07
03/10/2014,1.08
03/07/2014,1.07
03/06/2014,1.05
03/05/2014,1.02
03/04/2014,1.03
03/03/2014,0.95
02/28/2014,1
02/27/2014,0.98
02/26/2014,1.01
02/25/2014,1.04
02/24/2014,1.08
02/21/2014,1.08
02/20/2014,1.11
02/19/2014,1.08
02/18/2014,1.04
02/14/2014,1.06
02/13/2014,1.04
02/12/2014,1.08
02/11/2014,1.06
02/10/2014,1.02
02/07/2014,1.03
02/06/2014,1.06
02/05/2014,1.06
02/04/2014,0.99
02/03/2014,0.94
01/31/2014,1
01/30/2014,1.03
01/29/2014,1.01
01/28/2014,1.07
01/27/2014,1.07
01/24/2014,1.03
01/23/2014,1.06
01/22/2014,1.12
01/21/2014,1.1
01/17/2014,1.09
01/16/2014,1.11
01/15/2014,1.12
01/14/2014,1.12
01/13/2014,1.08
01/10/2014,1.08
01/09/2014,1.14
01/08/2014,1.2
01/07/2014,1.2
01/06/2014,1.22
01/03/2014,1.25
01/02/2014,1.26
12/31/2015,1.1
12/30/2015,1.13
12/29/2015,1.14
12/28/2015,1.07
12/24/2015,1.08
12/23/2015,1.11
12/22/2015,1.12
12/21/2015,1.09
12/18/2015,1.07
12/17/2015,1.1
12/16/2015,1.16
12/15/2015,1.13
12/14/2015,1.12
12/11/2015,1.01
12/10/2015,1.06
12/09/2015,1.03
12/08/2015,1.01
12/07/2015,1
12/04/2015,1.02
12/03/2015,1.07
12/02/2015,0.96
12/01/2015,0.94
11/30/2015,0.98
11/27/2015,0.99
11/25/2015,0.99
11/24/2015,0.99
11/23/2015,0.99
11/20/2015,1.01
11/19/2015,1.02
11/18/2015,1.06
11/17/2015,1.07
11/16/2015,1.11
11/13/2015,1.1
11/12/2015,1.12
11/10/2015,1.12
11/09/2015,1.11
11/06/2015,1.11
11/05/2015,1.06
11/04/2015,1.03
11/03/2015,1.02
11/02/2015,1
10/30/2015,0.98
10/29/2015,1.02
10/28/2015,0.99
10/27/2015,0.95
10/26/2015,0.96
10/23/2015,0.96
10/22/2015,0.96
10/21/2015,1
10/20/2015,1.01
10/19/2015,1.01
10/16/2015,0.98
10/15/2015,0.96
10/14/2015,0.93
10/13/2015,0.96
10/09/2015,1
10/08/2015,0.97
10/07/2015,0.95
10/06/2015,0.95
10/05/2015,0.98
10/02/2015,0.93
10/01/2015,1
09/30/2015,1.05
09/29/2015,1.05
09/28/2015,1.07
09/25/2015,1.1
09/24/2015,1.03
09/23/2015,1.04
09/22/2015,1.04
09/21/2015,1.08
09/18/2015,0.98
09/17/2015,1.04
09/16/2015,1.11
09/15/2015,1.09
09/14/2015,1
09/11/2015,0.98
09/10/2015,1.01
09/09/2015,1.01
09/08/2015,1.04
09/04/2015,0.98
09/03/2015,1.02
09/02/2015,1.02
09/01/2015,0.97
08/31/2015,0.96
08/28/2015,0.93
08/27/2015,0.96
08/26/2015,1.02
08/25/2015,0.95
08/24/2015,0.87
08/21/2015,0.85
08/20/2015,0.84
08/19/2015,0.87
08/18/2015,0.92
08/17/2015,0.87
08/14/2015,0.87
08/13/2015,0.88
08/12/2015,0.84
08/11/2015,0.81
08/10/2015,0.86
08/07/2015,0.82
08/06/2015,0.88
08/05/2015,0.9
08/04/2015,0.85
08/03/2015,0.8
07/31/2015,0.82
07/30/2015,0.85
07/29/2015,0.86
07/28/2015,0.85
07/27/2015,0.82
07/24/2015,0.84
07/23/2015,0.83
07/22/2015,0.87
07/21/2015,0.89
07/20/2015,0.91
07/17/2015,0.89
07/16/2015,0.89
07/15/2015,0.91
07/14/2015,0.96
07/13/2015,0.97
07/10/2015,0.95
07/09/2015,0.88
07/08/2015,0.78
07/07/2015,0.79
07/06/2015,0.82
07/02/2015,0.91
07/01/2015,0.94
06/30/2015,0.87
06/29/2015,0.85
06/26/2015,0.97
06/25/2015,0.89
06/24/2015,0.88
06/23/2015,0.92
06/22/2015,0.88
06/19/2015,0.81
06/18/2015,0.88
06/17/2015,0.85
06/16/2015,0.82
06/15/2015,0.88
06/12/2015,0.92
06/11/2015,0.93
06/10/2015,1.01
06/09/2015,0.94
06/08/2015,0.92
06/05/2015,0.92
06/04/2015,0.86
06/03/2015,0.93
06/02/2015,0.85
06/01/2015,0.79
05/29/2015,0.72
05/28/2015,0.75
05/27/2015,0.73
05/26/2015,0.71
05/22/2015,0.76
05/21/2015,0.77
05/20/2015,0.82
05/19/2015,0.83
05/18/2015,0.79
05/15/2015,0.71
05/14/2015,0.8
05/13/2015,0.82
05/12/2015,0.79
05/11/2015,0.79
05/08/2015,0.68
05/07/2015,0.68
05/06/2015,0.75
05/05/2015,0.66
05/04/2015,0.66
05/01/2015,0.59
04/30/2015,0.53
04/29/2015,0.56
04/28/2015,0.52
04/27/2015,0.44
04/24/2015,0.46
04/23/2015,0.48
04/22/2015,0.52
04/21/2015,0.45
04/20/2015,0.41
04/17/2015,0.37
04/16/2015,0.46
04/15/2015,0.46
04/14/2015,0.48
04/13/2015,0.51
04/10/2015,0.5
04/09/2015,0.5
04/08/2015,0.46
04/07/2015,0.43
04/06/2015,0.48
04/03/2015,0.41
04/02/2015,0.47
04/01/2015,0.43
03/31/2015,0.53
03/30/2015,0.54
03/27/2015,0.49
03/26/2015,0.52
03/25/2015,0.43
03/24/2015,0.41
03/23/2015,0.48
03/20/2015,0.47
03/19/2015,0.5
03/18/2015,0.52
03/17/2015,0.67
03/16/2015,0.72
03/13/2015,0.72
03/12/2015,0.68
03/11/2015,0.67
03/10/2015,0.69
03/09/2015,0.72
03/06/2015,0.7
03/05/2015,0.57
03/04/2015,0.57
03/03/2015,0.58
03/02/2015,0.59
02/27/2015,0.51
02/26/2015,0.55
02/25/2015,0.54
02/24/2015,0.58
02/23/2015,0.64
02/20/2015,0.68
02/19/2015,0.68
02/18/2015,0.68
02/17/2015,0.73
02/13/2015,0.66
02/12/2015,0.64
02/11/2015,0.61
02/10/2015,0.6
02/09/2015,0.54
02/06/2015,0.53
02/05/2015,0.48
02/04/2015,0.45
02/03/2015,0.46
02/02/2015,0.39
01/30/2015,0.37
01/29/2015,0.45
01/28/2015,0.41
01/27/2015,0.49
01/26/2015,0.5
01/23/2015,0.48
01/22/2015,0.56
01/21/2015,0.58
01/20/2015,0.51
01/16/2015,0.53
01/15/2015,0.47
01/14/2015,0.56
01/13/2015,0.62
01/12/2015,0.59
01/09/2015,0.61
01/08/2015,0.63
01/07/2015,0.58
01/06/2015,0.58
01/05/2015,0.6
01/02/2015,0.64
12/30/2016,0.86
12/29/2016,0.89
12/28/2016,0.9
12/27/2016,0.92
12/23/2016,0.91
12/22/2016,0.94
12/21/2016,0.97
12/20/2016,1.01
12/19/2016,1.01
12/16/2016,1.07
12/15/2016,1.03
12/14/2016,0.94
12/13/2016,0.9
12/12/2016,0.9
12/09/2016,0.9
12/08/2016,0.83
12/07/2016,0.78
12/06/2016,0.81
12/05/2016,0.81
12/02/2016,0.85
12/01/2016,0.83
11/30/2016,0.79
11/29/2016,0.8
11/28/2016,0.83
11/25/2016,0.81
11/23/2016,0.8
11/22/2016,0.78
11/21/2016,0.78
11/18/2016,0.81
11/17/2016,0.8
11/16/2016,0.78
11/15/2016,0.79
11/14/2016,0.8
11/10/2016,0.7
11/09/2016,0.66
11/08/2016,0.57
11/07/2016,0.55
11/04/2016,0.55
11/03/2016,0.58
11/02/2016,0.53
11/01/2016,0.53
10/31/2016,0.53
10/28/2016,0.57
10/27/2016,0.56
10/26/2016,0.49
10/25/2016,0.49
10/24/2016,0.52
10/21/2016,0.5
10/20/2016,0.51
10/19/2016,0.51
10/18/2016,0.52
10/17/2016,0.52
10/14/2016,0.57
10/13/2016,0.55
10/12/2016,0.56
10/11/2016,0.55
10/07/2016,0.52
10/06/2016,0.52
10/05/2016,0.52
10/04/2016,0.5
10/03/2016,0.43
09/30/2016,0.43
09/29/2016,0.43
09/28/2016,0.42
09/27/2016,0.44
09/26/2016,0.46
09/23/2016,0.44
09/22/2016,0.48
09/21/2016,0.55
09/20/2016,0.6
09/19/2016,0.6
09/16/2016,0.59
09/15/2016,0.62
09/14/2016,0.59
09/13/2016,0.61
09/12/2016,0.54
09/09/2016,0.55
09/08/2016,0.46
09/07/2016,0.4
09/06/2016,0.42
09/02/2016,0.48
09/01/2016,0.46
08/31/2016,0.46
08/30/2016,0.48
08/29/2016,0.47
08/26/2016,0.51
08/25/2016,0.47
08/24/2016,0.46
08/23/2016,0.45
08/22/2016,0.46
08/19/2016,0.49
08/18/2016,0.46
08/17/2016,0.49
08/16/2016,0.52
08/15/2016,0.49
08/12/2016,0.46
08/11/2016,0.49
08/10/2016,0.46
08/09/2016,0.47
08/08/2016,0.5
08/05/2016,0.51
08/04/2016,0.48
08/03/2016,0.53
08/02/2016,0.55
08/01/2016,0.49
07/29/2016,0.42
07/28/2016,0.45
07/27/2016,0.47
07/26/2016,0.52
07/25/2016,0.54
07/22/2016,0.53
07/21/2016,0.52
07/20/2016,0.52
07/19/2016,0.5
07/18/2016,0.49
07/15/2016,0.5
07/14/2016,0.47
07/13/2016,0.43
07/12/2016,0.48
07/11/2016,0.41
07/08/2016,0.37
07/07/2016,0.39
07/06/2016,0.37
07/05/2016,0.39
07/01/2016,0.45
06/30/2016,0.52
06/29/2016,0.54
06/28/2016,0.52
06/27/2016,0.55
06/24/2016,0.61
06/23/2016,0.69
06/22/2016,0.69
06/21/2016,0.72
06/20/2016,0.69
06/17/2016,0.66
06/16/2016,0.62
06/15/2016,0.61
06/14/2016,0.64
06/13/2016,0.62
06/10/2016,0.58
06/09/2016,0.59
06/08/2016,0.59
06/07/2016,0.62
06/06/2016,0.65
06/03/2016,0.65
06/02/2016,0.71
06/01/2016,0.74
05/31/2016,0.73
05/27/2016,0.71
05/26/2016,0.7
05/25/2016,0.73
05/24/2016,0.73
05/23/2016,0.72
05/20/2016,0.71
05/19/2016,0.71
05/18/2016,0.7
05/17/2016,0.61
05/16/2016,0.62
05/13/2016,0.6
05/12/2016,0.63
05/11/2016,0.62
05/10/2016,0.63
05/09/2016,0.66
05/06/2016,0.66
05/05/2016,0.62
05/04/2016,0.66
05/03/2016,0.67
05/02/2016,0.68
04/29/2016,0.61
04/28/2016,0.64
04/27/2016,0.7
04/26/2016,0.76
04/25/2016,0.75
04/22/2016,0.73
04/21/2016,0.72
04/20/2016,0.7
04/19/2016,0.65
04/18/2016,0.67
04/15/2016,0.66
04/14/2016,0.7
04/13/2016,0.69
04/12/2016,0.71
04/11/2016,0.66
04/08/2016,0.62
04/07/2016,0.6
04/06/2016,0.64
04/05/2016,0.61
04/04/2016,0.63
04/01/2016,0.65
03/31/2016,0.64
03/30/2016,0.67
03/29/2016,0.67
03/28/2016,0.78
03/24/2016,0.78
03/23/2016,0.74
03/22/2016,0.78
03/21/2016,0.77
03/18/2016,0.76
03/17/2016,0.82
03/16/2016,0.87
03/15/2016,0.94
03/14/2016,0.92
03/11/2016,0.92
03/10/2016,0.9
03/09/2016,0.87
03/08/2016,0.84
03/07/2016,0.89
03/04/2016,0.85
03/03/2016,0.8
03/02/2016,0.83
03/01/2016,0.86
02/29/2016,0.83
02/26/2016,0.85
02/25/2016,0.82
02/24/2016,0.87
02/23/2016,0.89
02/22/2016,0.93
02/19/2016,0.95
02/18/2016,0.96
02/17/2016,0.98
02/16/2016,0.96
02/12/2016,0.91
02/11/2016,0.85
02/10/2016,0.88
02/09/2016,0.92
02/08/2016,0.9
02/05/2016,0.93
02/04/2016,0.92
02/03/2016,0.91
02/02/2016,0.93
02/01/2016,1
01/29/2016,0.97
01/28/2016,1.02
01/27/2016,1.04
01/26/2016,1.06
01/25/2016,1.09
01/22/2016,1.11
01/21/2016,1.12
01/20/2016,1.1
01/19/2016,1.09
01/15/2016,1.05
01/14/2016,1.07
01/13/2016,1.04
01/12/2016,1.07
01/11/2016,1.11
01/08/2016,1.05
01/07/2016,1.05
01/06/2016,1.03
01/05/2016,1.08
01/04/2016,1.07
12/29/2017,0.64
12/28/2017,0.67
12/27/2017,0.68
12/26/2017,0.74
12/22/2017,0.75
12/21/2017,0.76
12/20/2017,0.79
12/19/2017,0.75
12/18/2017,0.7
12/15/2017,0.67
12/14/2017,0.68
12/13/2017,0.7
12/12/2017,0.72
12/11/2017,0.73
12/08/2017,0.72
12/07/2017,0.72
12/06/2017,0.68
12/05/2017,0.7
12/04/2017,0.71
12/01/2017,0.73
11/30/2017,0.79
11/29/2017,0.78
11/28/2017,0.75
11/27/2017,0.74
11/24/2017,0.74
11/22/2017,0.72
11/21/2017,0.75
11/20/2017,0.75
11/17/2017,0.74
11/16/2017,0.76
11/15/2017,0.74
11/14/2017,0.78
11/13/2017,0.79
11/10/2017,0.8
11/09/2017,0.74
11/08/2017,0.72
11/07/2017,0.72
11/06/2017,0.74
11/03/2017,0.76
11/02/2017,0.76
11/01/2017,0.78
10/31/2017,0.79
10/30/2017,0.8
10/27/2017,0.84
10/26/2017,0.87
10/25/2017,0.86
10/24/2017,0.85
10/23/2017,0.82
10/20/2017,0.83
10/19/2017,0.79
10/18/2017,0.8
10/17/2017,0.77
10/16/2017,0.76
10/13/2017,0.75
10/12/2017,0.76
10/11/2017,0.79
10/10/2017,0.8
10/06/2017,0.83
10/05/2017,0.81
10/04/2017,0.8
10/03/2017,0.81
10/02/2017,0.82
09/29/2017,0.8
09/28/2017,0.78
09/27/2017,0.78
09/26/2017,0.73
09/25/2017,0.71
09/22/2017,0.74
09/21/2017,0.76
09/20/2017,0.76
09/19/2017,0.72
09/18/2017,0.71
09/15/2017,0.7
09/14/2017,0.7
09/13/2017,0.71
09/12/2017,0.69
09/11/2017,0.67
09/08/2017,0.62
09/07/2017,0.63
09/06/2017,0.68
09/05/2017,0.67
09/01/2017,0.74
08/31/2017,0.71
08/30/2017,0.75
08/29/2017,0.75
08/28/2017,0.76
08/25/2017,0.76
08/24/2017,0.78
08/23/2017,0.76
08/22/2017,0.79
08/21/2017,0.77
08/18/2017,0.78
08/17/2017,0.77
08/16/2017,0.8
08/15/2017,0.83
08/14/2017,0.8
08/11/2017,0.75
08/10/2017,0.74
08/09/2017,0.77
08/08/2017,0.81
08/07/2017,0.81
08/04/2017,0.82
08/03/2017,0.81
08/02/2017,0.83
08/01/2017,0.83
07/31/2017,0.84
07/28/2017,0.84
07/27/2017,0.86
07/26/2017,0.85
07/25/2017,0.88
07/24/2017,0.83
07/21/2017,0.82
07/20/2017,0.84
07/19/2017,0.82
07/18/2017,0.82
07/17/2017,0.86
07/14/2017,0.88
07/13/2017,0.89
07/12/2017,0.87
07/11/2017,0.91
07/10/2017,0.94
07/07/2017,0.94
07/06/2017,0.9
07/05/2017,0.86
07/03/2017,0.88
06/30/2017,0.87
06/29/2017,0.84
06/28/2017,0.79
06/27/2017,0.79
06/26/2017,0.73
06/23/2017,0.74
06/22/2017,0.75
06/21/2017,0.78
06/20/2017,0.8
06/19/2017,0.82
06/16/2017,0.81
06/15/2017,0.81
06/14/2017,0.77
06/13/2017,0.8
06/12/2017,0.81
06/09/2017,0.78
06/08/2017,0.77
06/07/2017,0.75
06/06/2017,0.73
06/05/2017,0.74
06/02/2017,0.7
06/01/2017,0.75
05/31/2017,0.75
05/30/2017,0.76
05/26/2017,0.79
05/25/2017,0.8
05/24/2017,0.8
05/23/2017,0.8
05/22/2017,0.78
05/19/2017,0.76
05/18/2017,0.79
05/17/2017,0.8
05/16/2017,0.87
05/15/2017,0.88
05/12/2017,0.84
05/11/2017,0.86
05/10/2017,0.89
05/09/2017,0.9
05/08/2017,0.88
05/05/2017,0.85
05/04/2017,0.85
05/03/2017,0.81
05/02/2017,0.78
05/01/2017,0.78
04/28/2017,0.73
04/27/2017,0.75
04/26/2017,0.77
04/25/2017,0.8
04/24/2017,0.77
04/21/2017,0.76
04/20/2017,0.75
04/19/2017,0.73
04/18/2017,0.69
04/17/2017,0.74
04/13/2017,0.69
04/12/2017,0.73
04/11/2017,0.75
04/10/2017,0.78
04/07/2017,0.78
04/06/2017,0.74
04/05/2017,0.73
04/04/2017,0.76
04/03/2017,0.75
03/31/2017,0.78
03/30/2017,0.81
03/29/2017,0.76
03/28/2017,0.79
03/27/2017,0.75
03/24/2017,0.76
03/23/2017,0.8
03/22/2017,0.8
03/21/2017,0.82
03/20/2017,0.83
03/17/2017,0.85
03/16/2017,0.86
03/15/2017,0.85
03/14/2017,0.94
03/13/2017,0.94
03/10/2017,0.91
03/09/2017,0.93
03/08/2017,0.91
03/07/2017,0.85
03/06/2017,0.83
03/03/2017,0.81
03/02/2017,0.83
03/01/2017,0.79
02/28/2017,0.71
02/27/2017,0.71
02/24/2017,0.68
02/23/2017,0.72
02/22/2017,0.75
02/21/2017,0.76
02/17/2017,0.77
02/16/2017,0.79
02/15/2017,0.78
02/14/2017,0.8
02/13/2017,0.76
02/10/2017,0.75
02/09/2017,0.77
02/08/2017,0.75
02/07/2017,0.79
02/06/2017,0.81
02/03/2017,0.85
02/02/2017,0.82
02/01/2017,0.81
01/31/2017,0.78
01/30/2017,0.8
01/27/2017,0.78
01/26/2017,0.8
01/25/2017,0.82
01/24/2017,0.79
01/23/2017,0.75
01/20/2017,0.81
01/19/2017,0.79
01/18/2017,0.79
01/17/2017,0.74
01/13/2017,0.75
01/12/2017,0.73
01/11/2017,0.74
01/10/2017,0.77
01/09/2017,0.78
01/06/2017,0.8
01/05/2017,0.76
01/04/2017,0.82
01/03/2017,0.82
12/31/2018,1.17
12/28/2018,1.17
12/27/2018,1.2
12/26/2018,1.18
12/24/2018,1.13
12/21/2018,1.15
12/20/2018,1.14
12/19/2018,1.1
12/18/2018,1.15
12/17/2018,1.19
12/14/2018,1.21
12/13/2018,1.22
12/12/2018,1.22
12/11/2018,1.2
12/10/2018,1.16
12/07/2018,1.14
12/06/2018,1.12
12/04/2018,1.13
12/03/2018,1.2
11/30/2018,1.22
11/29/2018,1.24
11/28/2018,1.3
11/27/2018,1.31
11/26/2018,1.27
11/23/2018,1.25
11/21/2018,1.25
11/20/2018,1.25
11/19/2018,1.23
11/16/2018,1.22
11/15/2018,1.27
11/14/2018,1.27
11/13/2018,1.26
11/09/2018,1.28
11/08/2018,1.3
11/07/2018,1.3
11/06/2018,1.3
11/05/2018,1.3
11/02/2018,1.34
11/01/2018,1.29
10/31/2018,1.27
10/30/2018,1.25
10/29/2018,1.21
10/26/2018,1.2
10/25/2018,1.25
10/24/2018,1.2
10/23/2018,1.23
10/22/2018,1.24
10/19/2018,1.23
10/18/2018,1.21
10/17/2018,1.19
10/16/2018,1.17
10/15/2018,1.17
10/12/2018,1.16
10/11/2018,1.16
10/10/2018,1.2
10/09/2018,1.17
10/05/2018,1.21
10/04/2018,1.16
10/03/2018,1.11
10/02/2018,1.05
10/01/2018,1.07
09/28/2018,1.02
09/27/2018,1.02
09/26/2018,1.02
09/25/2018,1.04
09/24/2018,1.03
09/21/2018,1.02
09/20/2018,1.03
09/19/2018,1.05
09/18/2018,1.03
09/17/2018,1
09/14/2018,0.99
09/13/2018,0.97
09/12/2018,0.96
09/11/2018,0.97
09/10/2018,0.95
09/07/2018,0.96
09/06/2018,0.92
09/05/2018,0.93
09/04/2018,0.92
08/31/2018,0.89
08/30/2018,0.87
08/29/2018,0.88
08/28/2018,0.89
08/27/2018,0.86
08/24/2018,0.84
08/23/2018,0.85
08/22/2018,0.86
08/21/2018,0.88
08/20/2018,0.87
08/17/2018,0.9
08/16/2018,0.9
08/15/2018,0.91
08/14/2018,0.92
08/13/2018,0.9
08/10/2018,0.9
08/09/2018,0.93
08/08/2018,0.96
08/07/2018,0.96
08/06/2018,0.94
08/03/2018,0.94
08/02/2018,0.95
08/01/2018,0.96
07/31/2018,0.92
07/30/2018,0.95
07/27/2018,0.93
07/26/2018,0.96
07/25/2018,0.92
07/24/2018,0.94
07/23/2018,0.96
07/20/2018,0.89
07/19/2018,0.85
07/18/2018,0.87
07/17/2018,0.84
07/16/2018,0.82
07/13/2018,0.8
07/12/2018,0.82
07/11/2018,0.81
07/10/2018,0.83
07/09/2018,0.81
07/06/2018,0.79
07/05/2018,0.79
07/03/2018,0.8
07/02/2018,0.83
06/29/2018,0.84
06/28/2018,0.84
06/27/2018,0.83
06/26/2018,0.87
06/25/2018,0.88
06/22/2018,0.88
06/21/2018,0.9
06/20/2018,0.92
06/19/2018,0.88
06/18/2018,0.9
06/15/2018,0.9
06/14/2018,0.91
06/13/2018,0.95
06/12/2018,0.93
06/11/2018,0.93
06/08/2018,0.92
06/07/2018,0.91
06/06/2018,0.94
06/05/2018,0.91
06/04/2018,0.93
06/01/2018,0.91
05/31/2018,0.88
05/30/2018,0.9
05/29/2018,0.86
05/25/2018,0.95
05/24/2018,0.97
05/23/2018,0.99
05/22/2018,1.01
05/21/2018,1
05/18/2018,1.01
05/17/2018,1.04
05/16/2018,1
05/15/2018,0.99
05/14/2018,0.94
05/11/2018,0.91
05/10/2018,0.9
05/09/2018,0.93
05/08/2018,0.92
05/07/2018,0.9
05/04/2018,0.9
05/03/2018,0.9
05/02/2018,0.91
05/01/2018,0.91
04/30/2018,0.88
04/27/2018,0.9
04/26/2018,0.95
04/25/2018,0.98
04/24/2018,0.96
04/23/2018,0.92
04/20/2018,0.92
04/19/2018,0.88
04/18/2018,0.84
04/17/2018,0.81
04/16/2018,0.84
04/13/2018,0.82
04/12/2018,0.84
04/11/2018,0.82
04/10/2018,0.85
04/09/2018,0.85
04/06/2018,0.85
04/05/2018,0.9
04/04/2018,0.86
04/03/2018,0.86
04/02/2018,0.83
03/29/2018,0.84
03/28/2018,0.87
03/27/2018,0.87
03/26/2018,0.92
03/23/2018,0.91
03/22/2018,0.9
03/21/2018,0.95
03/20/2018,0.96
03/19/2018,0.93
03/16/2018,0.93
03/15/2018,0.89
03/14/2018,0.9
03/13/2018,0.92
03/12/2018,0.93
03/09/2018,0.95
03/08/2018,0.92
03/07/2018,0.95
03/06/2018,0.93
03/05/2018,0.92
03/02/2018,0.9
03/01/2018,0.88
02/28/2018,0.91
02/27/2018,0.94
02/26/2018,0.91
02/23/2018,0.93
02/22/2018,0.97
02/21/2018,0.98
02/20/2018,0.94
02/16/2018,0.93
02/15/2018,0.94
02/14/2018,0.96
02/13/2018,0.92
02/12/2018,0.94
02/09/2018,0.94
02/08/2018,0.92
02/07/2018,0.89
02/06/2018,0.84
02/05/2018,0.83
02/02/2018,0.84
02/01/2018,0.8
01/31/2018,0.74
01/30/2018,0.78
01/29/2018,0.75
01/26/2018,0.73
01/25/2018,0.73
01/24/2018,0.75
01/23/2018,0.74
01/22/2018,0.76
01/19/2018,0.74
01/18/2018,0.74
01/17/2018,0.72
01/16/2018,0.71
01/12/2018,0.73
01/11/2018,0.74
01/10/2018,0.73
01/09/2018,0.73
01/08/2018,0.68
01/05/2018,0.66
01/04/2018,0.66
01/03/2018,0.67
01/02/2018,0.68
12/31/2019,0.53
12/30/2019,0.51
12/27/2019,0.5
12/26/2019,0.5
12/24/2019,0.49
12/23/2019,0.51
12/20/2019,0.49
12/19/2019,0.48
12/18/2019,0.5
12/17/2019,0.48
12/16/2019,0.49
12/13/2019,0.46
12/12/2019,0.5
12/11/2019,0.44
12/10/2019,0.46
12/09/2019,0.47
12/06/2019,0.47
12/05/2019,0.46
12/04/2019,0.43
12/03/2019,0.41
12/02/2019,0.5
11/29/2019,0.47
11/27/2019,0.43
11/26/2019,0.41
11/25/2019,0.44
11/22/2019,0.45
11/21/2019,0.47
11/20/2019,0.45
11/19/2019,0.49
11/18/2019,0.53
11/15/2019,0.55
11/14/2019,0.54
11/13/2019,0.56
11/12/2019,0.57
11/08/2019,0.58
11/07/2019,0.57
11/06/2019,0.5
11/05/2019,0.54
11/04/2019,0.51
11/01/2019,0.5
10/31/2019,0.51
10/30/2019,0.56
10/29/2019,0.6
10/28/2019,0.57
10/25/2019,0.52
10/24/2019,0.52
10/23/2019,0.52
10/22/2019,0.53
10/21/2019,0.56
10/18/2019,0.54
10/17/2019,0.54
10/16/2019,0.55
10/15/2019,0.55
10/11/2019,0.55
10/10/2019,0.52
10/09/2019,0.48
10/08/2019,0.44
10/07/2019,0.41
10/04/2019,0.38
10/03/2019,0.44
10/02/2019,0.47
10/01/2019,0.47
09/30/2019,0.49
09/27/2019,0.49
09/26/2019,0.48
09/25/2019,0.48
09/24/2019,0.41
09/23/2019,0.45
09/20/2019,0.46
09/19/2019,0.53
09/18/2019,0.55
09/17/2019,0.52
09/16/2019,0.55
09/13/2019,0.61
09/12/2019,0.54
09/11/2019,0.52
09/10/2019,0.5
09/09/2019,0.43
09/06/2019,0.37
09/05/2019,0.39
09/04/2019,0.34
09/03/2019,0.33
08/30/2019,0.31
08/29/2019,0.27
08/28/2019,0.28
08/27/2019,0.32
08/26/2019,0.39
08/23/2019,0.38
08/22/2019,0.46
08/21/2019,0.45
08/20/2019,0.43
08/19/2019,0.44
08/16/2019,0.4
08/15/2019,0.36
08/14/2019,0.39
08/13/2019,0.44
08/12/2019,0.43
08/09/2019,0.5
08/08/2019,0.49
08/07/2019,0.51
08/06/2019,0.54
08/05/2019,0.6
08/02/2019,0.64
08/01/2019,0.65
07/31/2019,0.67
07/30/2019,0.72
07/29/2019,0.73
07/26/2019,0.73
07/25/2019,0.71
07/24/2019,0.69
07/23/2019,0.71
07/22/2019,0.7
07/19/2019,0.7
07/18/2019,0.69
07/17/2019,0.7
07/16/2019,0.73
07/15/2019,0.72
07/12/2019,0.75
07/11/2019,0.75
07/10/2019,0.71
07/09/2019,0.71
07/08/2019,0.71
07/05/2019,0.73
07/03/2019,0.7
07/02/2019,0.74
07/01/2019,0.76
06/28/2019,0.72
06/27/2019,0.71
06/26/2019,0.74
06/25/2019,0.73
06/24/2019,0.71
06/21/2019,0.74
06/20/2019,0.66
06/19/2019,0.72
06/18/2019,0.77
06/17/2019,0.82
06/14/2019,0.82
06/13/2019,0.79
06/12/2019,0.78
06/11/2019,0.78
06/10/2019,0.78
06/07/2019,0.71
06/06/2019,0.75
06/05/2019,0.73
06/04/2019,0.73
06/03/2019,0.67
05/31/2019,0.71
05/30/2019,0.77
05/29/2019,0.8
05/28/2019,0.83
05/24/2019,0.85
05/23/2019,0.87
05/22/2019,0.9
05/21/2019,0.9
05/20/2019,0.91
05/17/2019,0.9
05/16/2019,0.9
05/15/2019,0.88
05/14/2019,0.89
05/13/2019,0.88
05/10/2019,0.91
05/09/2019,0.92
05/08/2019,0.95
05/07/2019,0.9
05/06/2019,0.92
05/03/2019,0.93
05/02/2019,0.96
05/01/2019,0.91
04/30/2019,0.9
04/29/2019,0.92
04/26/2019,0.88
04/25/2019,0.89
04/24/2019,0.9
04/23/2019,0.95
04/22/2019,0.97
04/18/2019,0.95
04/17/2019,0.98
04/16/2019,0.98
04/15/2019,0.92
04/12/2019,0.93
04/11/2019,0.91
04/10/2019,0.87
04/09/2019,0.91
04/08/2019,0.92
04/05/2019,0.91
04/04/2019,0.92
04/03/2019,0.93
04/02/2019,0.88
04/01/2019,0.89
03/29/2019,0.83
03/28/2019,0.87
03/27/2019,0.88
03/26/2019,0.88
03/25/2019,0.86
03/22/2019,0.85
03/21/2019,0.89
03/20/2019,0.91
03/19/2019,0.97
03/18/2019,0.96
03/15/2019,0.97
03/14/2019,1
03/13/2019,1
03/12/2019,1.01
03/11/2019,1.03
03/08/2019,1.01
03/07/2019,1.03
03/06/2019,1.06
03/05/2019,1.07
03/04/2019,1.06
03/01/2019,1.08
02/28/2019,1.06
02/27/2019,1.04
02/26/2019,0.99
02/25/2019,1.01
02/22/2019,1.01
02/21/2019,1.04
02/20/2019,1.01
02/19/2019,1.03
02/15/2019,1.05
02/14/2019,1.06
02/13/2019,1.09
02/12/2019,1.09
02/11/2019,1.07
02/08/2019,1.05
02/07/2019,1.06
02/06/2019,1.08
02/05/2019,1.07
02/04/2019,1.09
02/01/2019,1.06
01/31/2019,1.02
01/30/2019,1.12
01/29/2019,1.16
01/28/2019,1.19
01/25/2019,1.18
01/24/2019,1.16
01/23/2019,1.17
01/22/2019,1.16
01/18/2019,1.18
01/17/2019,1.18
01/16/2019,1.16
01/15/2019,1.15
01/14/2019,1.14
01/11/2019,1.12
01/10/2019,1.15
01/09/2019,1.12
01/08/2019,1.11
01/07/2019,1.14
01/04/2019,1.12
01/03/2019,1.1
01/02/2019,1.15
12/31/2020,-0.48
12/30/2020,-0.45
12/29/2020,-0.45
12/28/2020,-0.46
12/24/2020,-0.46
12/23/2020,-0.43
12/22/2020,-0.44
12/21/2020,-0.43
12/18/2020,-0.43
12/17/2020,-0.44
12/16/2020,-0.43
12/15/2020,-0.45
12/14/2020,-0.44
12/11/2020,-0.44
12/10/2020,-0.44
12/09/2020,-0.42
12/08/2020,-0.42
12/07/2020,-0.4
12/04/2020,-0.38
12/03/2020,-0.42
12/02/2020,-0.39
12/01/2020,-0.39
11/30/2020,-0.44
11/27/2020,-0.42
11/25/2020,-0.38
11/24/2020,-0.37
11/23/2020,-0.38
11/20/2020,-0.4
11/19/2020,-0.36
11/18/2020,-0.33
11/17/2020,-0.34
11/16/2020,-0.31
11/13/2020,-0.33
11/12/2020,-0.33
11/10/2020,-0.26
11/09/2020,-0.24
11/06/2020,-0.32
11/05/2020,-0.38
11/04/2020,-0.36
11/03/2020,-0.33
11/02/2020,-0.34
10/30/2020,-0.31
10/29/2020,-0.34
10/28/2020,-0.38
10/27/2020,-0.38
10/26/2020,-0.36
10/23/2020,-0.34
10/22/2020,-0.32
10/21/2020,-0.34
10/20/2020,-0.35
10/19/2020,-0.38
10/16/2020,-0.41
10/15/2020,-0.41
10/14/2020,-0.41
10/13/2020,-0.41
10/09/2020,-0.37
10/08/2020,-0.37
10/07/2020,-0.32
10/06/2020,-0.34
10/05/2020,-0.35
10/02/2020,-0.41
10/01/2020,-0.41
09/30/2020,-0.4
09/29/2020,-0.44
09/28/2020,-0.42
09/25/2020,-0.41
09/24/2020,-0.4
09/23/2020,-0.38
09/22/2020,-0.38
09/21/2020,-0.38
09/18/2020,-0.39
09/17/2020,-0.4
09/16/2020,-0.4
09/15/2020,-0.41
09/14/2020,-0.4
09/11/2020,-0.41
09/10/2020,-0.43
09/09/2020,-0.42
09/08/2020,-0.42
09/04/2020,-0.41
09/03/2020,-0.47
09/02/2020,-0.48
09/01/2020,-0.47
08/31/2020,-0.44
08/28/2020,-0.37
08/27/2020,-0.35
08/26/2020,-0.42
08/25/2020,-0.42
08/24/2020,-0.43
08/21/2020,-0.41
08/20/2020,-0.37
08/19/2020,-0.4
08/18/2020,-0.42
08/17/2020,-0.35
08/14/2020,-0.33
08/13/2020,-0.37
08/12/2020,-0.41
08/11/2020,-0.43
08/10/2020,-0.47
08/07/2020,-0.48
08/06/2020,-0.52
08/05/2020,-0.51
08/04/2020,-0.51
08/03/2020,-0.49
07/31/2020,-0.49
07/30/2020,-0.46
07/29/2020,-0.44
07/28/2020,-0.43
07/27/2020,-0.4
07/24/2020,-0.41
07/23/2020,-0.39
07/22/2020,-0.37
07/21/2020,-0.37
07/20/2020,-0.34
07/17/2020,-0.33
07/16/2020,-0.31
07/15/2020,-0.29
07/14/2020,-0.3
07/13/2020,-0.29
07/10/2020,-0.27
07/09/2020,-0.29
07/08/2020,-0.24
07/07/2020,-0.27
07/06/2020,-0.24
07/02/2020,-0.23
07/01/2020,-0.2
06/30/2020,-0.2
06/29/2020,-0.22
06/26/2020,-0.23
06/25/2020,-0.2
06/24/2020,-0.18
06/23/2020,-0.18
06/22/2020,-0.17
06/19/2020,-0.13
06/18/2020,-0.11
06/17/2020,-0.06
06/16/2020,-0.06
06/15/2020,-0.09
06/12/2020,-0.08
06/11/2020,-0.14
06/10/2020,-0.07
06/09/2020,0.01
06/08/2020,0.04
06/05/2020,0.06
06/04/2020,0.03
06/03/2020,-0.02
06/02/2020,-0.06
06/01/2020,-0.09
05/29/2020,-0.1
05/28/2020,-0.08
05/27/2020,-0.06
05/26/2020,-0.05
05/22/2020,-0.1
05/21/2020,-0.1
05/20/2020,-0.12
05/19/2020,-0.08
05/18/2020,-0.08
05/15/2020,-0.12
05/14/2020,-0.11
05/13/2020,-0.09
05/12/2020,-0.06
05/11/2020,-0.06
05/08/2020,-0.09
05/07/2020,-0.12
05/06/2020,-0.05
05/05/2020,-0.13
05/04/2020,-0.12
05/01/2020,-0.12
04/30/2020,-0.12
04/29/2020,-0.21
04/28/2020,-0.25
04/27/2020,-0.23
04/24/2020,-0.25
04/23/2020,-0.19
04/22/2020,-0.17
04/21/2020,-0.13
04/20/2020,-0.04
04/17/2020,-0.04
04/16/2020,-0.1
04/15/2020,-0.21
04/14/2020,-0.16
04/13/2020,-0.14
04/09/2020,-0.13
04/08/2020,-0.06
04/07/2020,-0.07
04/06/2020,-0.1
04/03/2020,-0.09
04/02/2020,-0.03
04/01/2020,0.06
03/31/2020,0.16
03/30/2020,0.04
03/27/2020,-0.02
03/26/2020,-0.05
03/25/2020,0.01
03/24/2020,-0.04
03/23/2020,0.04
03/20/2020,0.39
03/19/2020,0.84
03/18/2020,0.81
03/17/2020,0.72
03/16/2020,0.35
03/13/2020,0.43
03/12/2020,0.37
03/11/2020,0.18
03/10/2020,0.08
03/09/2020,-0.2
03/06/2020,-0.24
03/05/2020,-0.05
03/04/2020,0
03/03/2020,0.01
03/02/2020,0.07
02/28/2020,0.09
02/27/2020,0.12
02/26/2020,0.14
02/25/2020,0.13
02/24/2020,0.13
02/21/2020,0.17
02/20/2020,0.21
02/19/2020,0.24
02/18/2020,0.23
02/14/2020,0.27
02/13/2020,0.29
02/12/2020,0.32
02/11/2020,0.29
02/10/2020,0.25
02/07/2020,0.27
02/06/2020,0.32
02/05/2020,0.35
02/04/2020,0.31
02/03/2020,0.26
01/31/2020,0.22
01/30/2020,0.27
01/29/2020,0.28
01/28/2020,0.32
01/27/2020,0.3
01/24/2020,0.34
01/23/2020,0.38
01/22/2020,0.41
01/21/2020,0.41
01/17/2020,0.46
01/16/2020,0.42
01/15/2020,0.4
01/14/2020,0.41
01/13/2020,0.44
01/10/2020,0.43
01/09/2020,0.48
01/08/2020,0.5
01/07/2020,0.48
01/06/2020,0.44
01/03/2020,0.41
01/02/2020,0.46
12/31/2021,-0.52
12/30/2021,-0.51
12/29/2021,-0.45
12/28/2021,-0.48
12/27/2021,-0.5
12/23/2021,-0.45
12/22/2021,-0.5
12/21/2021,-0.46
12/20/2021,-0.43
12/17/2021,-0.44
12/16/2021,-0.42
12/15/2021,-0.42
12/14/2021,-0.44
12/13/2021,-0.47
12/10/2021,-0.44
12/09/2021,-0.48
12/08/2021,-0.5
12/07/2021,-0.53
12/06/2021,-0.57
12/03/2021,-0.63
12/02/2021,-0.61
12/01/2021,-0.56
11/30/2021,-0.58
11/29/2021,-0.51
11/26/2021,-0.55
11/24/2021,-0.46
11/23/2021,-0.43
11/22/2021,-0.49
11/19/2021,-0.6
11/18/2021,-0.56
11/17/2021,-0.51
11/16/2021,-0.5
11/15/2021,-0.56
11/12/2021,-0.59
11/10/2021,-0.6
11/09/2021,-0.64
11/08/2021,-0.58
11/05/2021,-0.53
11/04/2021,-0.46
11/03/2021,-0.38
11/02/2021,-0.4
11/01/2021,-0.36
10/29/2021,-0.38
10/28/2021,-0.46
10/27/2021,-0.56
10/26/2021,-0.48
10/25/2021,-0.43
10/22/2021,-0.42
10/21/2021,-0.4
10/20/2021,-0.36
10/19/2021,-0.36
10/18/2021,-0.43
10/15/2021,-0.42
10/14/2021,-0.44
10/13/2021,-0.42
10/12/2021,-0.34
10/08/2021,-0.31
10/07/2021,-0.31
10/06/2021,-0.34
10/05/2021,-0.33
10/04/2021,-0.34
10/01/2021,-0.34
09/30/2021,-0.29
09/29/2021,-0.28
09/28/2021,-0.31
09/27/2021,-0.35
09/24/2021,-0.34
09/23/2021,-0.39
09/22/2021,-0.44
09/21/2021,-0.43
09/20/2021,-0.44
09/17/2021,-0.42
09/16/2021,-0.45
09/15/2021,-0.46
09/14/2021,-0.48
09/13/2021,-0.45
09/10/2021,-0.45
09/09/2021,-0.47
09/08/2021,-0.41
09/07/2021,-0.36
09/03/2021,-0.39
09/02/2021,-0.42
09/01/2021,-0.42
08/31/2021,-0.41
08/30/2021,-0.45
08/27/2021,-0.46
08/26/2021,-0.39
08/25/2021,-0.37
08/24/2021,-0.4
08/23/2021,-0.42
08/20/2021,-0.41
08/19/2021,-0.43
08/18/2021,-0.4
08/17/2021,-0.4
08/16/2021,-0.43
08/13/2021,-0.42
08/12/2021,-0.38
08/11/2021,-0.4
08/10/2021,-0.4
08/09/2021,-0.4
08/06/2021,-0.41
08/05/2021,-0.45
08/04/2021,-0.49
08/03/2021,-0.49
08/02/2021,-0.48
07/30/2021,-0.47
07/29/2021,-0.47
07/28/2021,-0.47
07/27/2021,-0.47
07/26/2021,-0.47
07/23/2021,-0.42
07/22/2021,-0.39
07/21/2021,-0.36
07/20/2021,-0.4
07/19/2021,-0.44
07/16/2021,-0.4
07/15/2021,-0.39
07/14/2021,-0.35
07/13/2021,-0.33
07/12/2021,-0.35
07/09/2021,-0.33
07/08/2021,-0.35
07/07/2021,-0.38
07/06/2021,-0.36
07/02/2021,-0.32
07/01/2021,-0.3
06/30/2021,-0.3
06/29/2021,-0.27
06/28/2021,-0.28
06/25/2021,-0.23
06/24/2021,-0.25
06/23/2021,-0.26
06/22/2021,-0.26
06/21/2021,-0.21
06/18/2021,-0.29
06/17/2021,-0.24
06/16/2021,-0.21
06/15/2021,-0.26
06/14/2021,-0.26
06/11/2021,-0.25
06/10/2021,-0.27
06/09/2021,-0.22
06/08/2021,-0.21
06/07/2021,-0.18
06/04/2021,-0.2
06/03/2021,-0.15
06/02/2021,-0.18
06/01/2021,-0.18
05/28/2021,-0.19
05/27/2021,-0.15
05/26/2021,-0.16
05/25/2021,-0.18
05/24/2021,-0.14
05/21/2021,-0.1
05/20/2021,-0.1
05/19/2021,-0.1
05/18/2021,-0.14
05/17/2021,-0.16
05/14/2021,-0.15
05/13/2021,-0.11
05/12/2021,-0.1
05/11/2021,-0.14
05/10/2021,-0.17
05/07/2021,-0.16
05/06/2021,-0.16
05/05/2021,-0.18
05/04/2021,-0.12
05/03/2021,-0.11
04/30/2021,-0.1
04/29/2021,-0.11
04/28/2021,-0.13
04/27/2021,-0.12
04/26/2021,-0.14
04/23/2021,-0.12
04/22/2021,-0.12
04/21/2021,-0.1
04/20/2021,-0.07
04/19/2021,-0.07
04/16/2021,-0.1
04/15/2021,-0.11
04/14/2021,-0.02
04/13/2021,-0.02
04/12/2021,0.01
04/09/2021,0.02
04/08/2021,-0.02
04/07/2021,0
04/06/2021,-0.02
04/05/2021,-0.01
04/02/2021,-0.04
04/01/2021,-0.04
03/31/2021,-0.01
03/30/2021,-0.03
03/29/2021,-0.02
03/26/2021,-0.06
03/25/2021,-0.08
03/24/2021,-0.09
03/23/2021,-0.07
03/22/2021,-0.04
03/19/2021,0.05
03/18/2021,0.07
03/17/2021,0.02
03/16/2021,-0.01
03/15/2021,0.01
03/12/2021,0.07
03/11/2021,-0.07
03/10/2021,-0.1
03/09/2021,-0.04
03/08/2021,0.01
03/05/2021,-0.02
03/04/2021,0
03/03/2021,-0.05
03/02/2021,-0.07
03/01/2021,-0.03
02/26/2021,-0.09
02/25/2021,0.05
02/24/2021,-0.08
02/23/2021,-0.1
02/22/2021,-0.12
02/19/2021,-0.15
02/18/2021,-0.22
02/17/2021,-0.27
02/16/2021,-0.27
02/12/2021,-0.33
02/11/2021,-0.36
02/10/2021,-0.4
02/09/2021,-0.38
02/08/2021,-0.37
02/05/2021,-0.36
02/04/2021,-0.39
02/03/2021,-0.41
02/02/2021,-0.42
02/01/2021,-0.42
01/29/2021,-0.42
01/28/2021,-0.46
01/27/2021,-0.43
01/26/2021,-0.43
01/25/2021,-0.45
01/22/2021,-0.43
01/21/2021,-0.43
01/20/2021,-0.42
01/19/2021,-0.4
01/15/2021,-0.38
01/14/2021,-0.36
01/13/2021,-0.39
01/12/2021,-0.34
01/11/2021,-0.32
01/08/2021,-0.33
01/07/2021,-0.39
01/06/2021,-0.41
01/05/2021,-0.47
01/04/2021,-0.5
12/30/2022,1.78
12/29/2022,1.74
12/28/2022,1.79
12/27/2022,1.76
12/23/2022,1.72
12/22/2022,1.65
12/21/2022,1.61
12/20/2022,1.64
12/19/2022,1.61
12/16/2022,1.55
12/15/2022,1.48
12/14/2022,1.5
12/13/2022,1.45
12/12/2022,1.44
12/09/2022,1.43
12/08/2022,1.28
12/07/2022,1.29
12/06/2022,1.36
12/05/2022,1.39
12/02/2022,1.31
12/01/2022,1.46
11/30/2022,1.63
11/29/2022,1.72
11/28/2022,1.64
11/25/2022,1.6
11/23/2022,1.61
11/22/2022,1.69
11/21/2022,1.75
11/18/2022,1.81
11/17/2022,1.75
11/16/2022,1.69
11/15/2022,1.75
11/14/2022,1.84
11/10/2022,1.77
11/09/2022,1.98
11/08/2022,1.92
11/07/2022,1.95
11/04/2022,1.96
11/03/2022,1.94
11/02/2022,1.81
11/01/2022,1.81
10/31/2022,1.86
10/28/2022,1.83
10/27/2022,1.86
10/26/2022,1.93
10/25/2022,1.93
10/24/2022,1.96
10/21/2022,2.01
10/20/2022,1.95
10/19/2022,1.98
10/18/2022,1.91
10/17/2022,1.85
10/14/2022,1.86
10/13/2022,1.93
10/12/2022,1.92
10/11/2022,1.94
10/07/2022,1.93
10/06/2022,1.94
10/05/2022,1.9
10/04/2022,1.8
10/03/2022,1.8
09/30/2022,1.95
09/29/2022,1.84
09/28/2022,1.7
09/27/2022,1.85
09/26/2022,1.7
09/23/2022,1.55
09/22/2022,1.55
09/21/2022,1.4
09/20/2022,1.46
09/19/2022,1.44
09/16/2022,1.41
09/15/2022,1.34
09/14/2022,1.31
09/13/2022,1.36
09/12/2022,1.37
09/09/2022,1.29
09/08/2022,1.27
09/07/2022,1.22
09/06/2022,1.27
09/02/2022,1.17
09/01/2022,1.22
08/31/2022,1.11
08/30/2022,1.02
08/29/2022,1.04
08/26/2022,1
08/25/2022,1.02
08/24/2022,1.06
08/23/2022,1.02
08/22/2022,1.01
08/19/2022,1
08/18/2022,0.96
08/17/2022,1.04
08/16/2022,1.01
08/15/2022,1.02
08/12/2022,1.01
08/11/2022,1.03
08/10/2022,0.94
08/09/2022,0.91
08/08/2022,0.87
08/05/2022,0.94
08/04/2022,0.87
08/03/2022,0.84
08/02/2022,0.91
08/01/2022,0.78
07/29/2022,0.82
07/28/2022,0.88
07/27/2022,0.94
07/26/2022,0.99
07/25/2022,0.99
07/22/2022,0.97
07/21/2022,1.08
07/20/2022,1.1
07/19/2022,1.08
07/18/2022,1.06
07/15/2022,1.03
07/14/2022,1.07
07/13/2022,1.06
07/12/2022,1.12
07/11/2022,1.16
07/08/2022,1.2
07/07/2022,1.16
07/06/2022,1.12
07/05/2022,1.03
07/01/2022,1.08
06/30/2022,1.12
06/29/2022,1.16
06/28/2022,1.08
06/27/2022,1.03
06/24/2022,0.96
06/23/2022,0.95
06/22/2022,0.95
06/21/2022,1.05
06/17/2022,1
06/16/2022,1
06/15/2022,1
06/14/2022,1.15
06/13/2022,1.04
06/10/2022,0.81
06/09/2022,0.76
06/08/2022,0.76
06/07/2022,0.72
06/06/2022,0.75
06/03/2022,0.69
06/02/2022,0.76
06/01/2022,0.8
05/31/2022,0.81
05/27/2022,0.71
05/26/2022,0.73
05/25/2022,0.76
05/24/2022,0.75
05/23/2022,0.8
05/20/2022,0.76
05/19/2022,0.74
05/18/2022,0.65
05/17/2022,0.76
05/16/2022,0.7
05/13/2022,0.68
05/12/2022,0.68
05/11/2022,0.62
05/10/2022,0.77
05/09/2022,0.76
05/06/2022,0.72
05/05/2022,0.64
05/04/2022,0.51
05/03/2022,0.56
05/02/2022,0.63
04/29/2022,0.46
04/28/2022,0.36
04/27/2022,0.43
04/26/2022,0.4
04/25/2022,0.37
04/22/2022,0.37
04/21/2022,0.32
04/20/2022,0.35
04/19/2022,0.45
04/18/2022,0.4
04/14/2022,0.37
04/13/2022,0.33
04/12/2022,0.3
04/11/2022,0.3
04/08/2022,0.26
04/07/2022,0.23
04/06/2022,0.17
04/05/2022,0.1
04/04/2022,0.02
04/01/2022,0
03/31/2022,-0.04
03/30/2022,-0.02
03/29/2022,0.03
03/28/2022,0
03/25/2022,0.03
03/24/2022,-0.06
03/23/2022,-0.09
03/22/2022,0.01
03/21/2022,-0.03
03/18/2022,-0.14
03/17/2022,-0.13
03/16/2022,-0.07
03/15/2022,-0.09
03/14/2022,-0.19
03/11/2022,-0.3
03/10/2022,-0.22
03/09/2022,-0.27
03/08/2022,-0.39
03/07/2022,-0.31
03/04/2022,-0.25
03/03/2022,-0.2
03/02/2022,-0.23
03/01/2022,-0.26
02/28/2022,-0.19
02/25/2022,0.01
02/24/2022,0.01
02/23/2022,0.04
02/22/2022,0.03
02/18/2022,0.04
02/17/2022,0.1
02/16/2022,0.08
02/15/2022,0.11
02/14/2022,0.05
02/11/2022,0.02
02/10/2022,0.05
02/09/2022,-0.01
02/08/2022,-0.01
02/07/2022,-0.01
02/04/2022,0
02/03/2022,-0.08
02/02/2022,-0.14
02/01/2022,-0.15
01/31/2022,-0.19
01/28/2022,-0.21
01/27/2022,-0.17
01/26/2022,-0.1
01/25/2022,-0.16
01/24/2022,-0.19
01/21/2022,-0.18
01/20/2022,-0.1
01/19/2022,-0.11
01/18/2022,-0.12
01/14/2022,-0.16
01/13/2022,-0.23
01/12/2022,-0.23
01/11/2022,-0.29
01/10/2022,-0.21
01/07/2022,-0.22
01/06/2022,-0.21
01/05/2022,-0.27
01/04/2022,-0.35
01/03/2022,-0.43
12/29/2023,1.97
12/28/2023,1.91
12/27/2023,1.88
12/26/2023,1.95
12/22/2023,1.96
12/21/2023,1.93
12/20/2023,1.89
12/19/2023,1.93
12/18/2023,1.93
12/15/2023,1.88
12/14/2023,1.88
12/13/2023,2.06
12/12/2023,2.16
12/11/2023,2.16
12/08/2023,2.13
12/07/2023,2.09
12/06/2023,2.09
12/05/2023,2.15
12/04/2023,2.24
12/01/2023,2.19
11/30/2023,2.29
11/29/2023,2.22
11/28/2023,2.29
11/27/2023,2.29
11/24/2023,2.33
11/22/2023,2.28
11/21/2023,2.32
11/20/2023,2.27
11/17/2023,2.31
11/16/2023,2.33
11/15/2023,2.36
11/14/2023,2.31
11/13/2023,2.41
11/10/2023,2.38
11/09/2023,2.39
11/08/2023,2.25
11/07/2023,2.33
11/06/2023,2.39
11/03/2023,2.36
11/02/2023,2.4
11/01/2023,2.52
10/31/2023,2.59
10/30/2023,2.59
10/27/2023,2.59
10/26/2023,2.58
10/25/2023,2.64
10/24/2023,2.56
10/23/2023,2.6
10/20/2023,2.63
10/19/2023,2.63
10/18/2023,2.59
10/17/2023,2.55
10/16/2023,2.51
10/13/2023,2.45
10/12/2023,2.53
10/11/2023,2.4
10/10/2023,2.5
10/06/2023,2.6
10/05/2023,2.55
10/04/2023,2.5
10/03/2023,2.57
10/02/2023,2.47
09/29/2023,2.39
09/28/2023,2.34
09/27/2023,2.41
09/26/2023,2.38
09/25/2023,2.33
09/22/2023,2.2
09/21/2023,2.24
09/20/2023,2.11
09/19/2023,2.13
09/18/2023,2.09
09/15/2023,2.12
09/14/2023,2.1
09/13/2023,2.04
09/12/2023,2.06
09/11/2023,2.08
09/08/2023,2.05
09/07/2023,2.1
09/06/2023,2.12
09/05/2023,2.13
09/01/2023,2.08
08/31/2023,2
08/30/2023,2.01
08/29/2023,1.99
08/28/2023,2.03
08/25/2023,2.03
08/24/2023,2.03
08/23/2023,1.98
08/22/2023,2.12
08/21/2023,2.17
08/18/2023,2.13
08/17/2023,2.15
08/16/2023,2.11
08/15/2023,2.08
08/14/2023,2.03
08/11/2023,2.02
08/10/2023,2.01
08/09/2023,1.92
08/08/2023,1.93
08/07/2023,1.95
08/04/2023,1.92
08/03/2023,2.05
08/02/2023,1.91
08/01/2023,1.88
07/31/2023,1.81
07/28/2023,1.78
07/27/2023,1.83
07/26/2023,1.71
07/25/2023,1.71
07/24/2023,1.67
07/21/2023,1.68
07/20/2023,1.68
07/19/2023,1.67
07/18/2023,1.72
07/17/2023,1.72
07/14/2023,1.73
07/13/2023,1.69
07/12/2023,1.73
07/11/2023,1.86
07/10/2023,1.86
07/07/2023,1.85
07/06/2023,1.81
07/05/2023,1.76
07/03/2023,1.67
06/30/2023,1.68
06/29/2023,1.74
06/28/2023,1.65
06/27/2023,1.68
06/26/2023,1.66
06/23/2023,1.64
06/22/2023,1.67
06/21/2023,1.62
06/20/2023,1.64
06/16/2023,1.67
06/15/2023,1.67
06/14/2023,1.72
06/13/2023,1.75
06/12/2023,1.7
06/09/2023,1.69
06/08/2023,1.7
06/07/2023,1.75
06/06/2023,1.69
06/05/2023,1.71
06/02/2023,1.72
06/01/2023,1.67
05/31/2023,1.67
05/30/2023,1.66
05/26/2023,1.69
05/25/2023,1.73
05/24/2023,1.71
05/23/2023,1.69
05/22/2023,1.72
05/19/2023,1.71
05/18/2023,1.67
05/17/2023,1.64
05/16/2023,1.65
05/15/2023,1.63
05/12/2023,1.58
05/11/2023,1.57
05/10/2023,1.63
05/09/2023,1.66
05/08/2023,1.64
05/05/2023,1.58
05/04/2023,1.56
05/03/2023,1.54
05/02/2023,1.58
05/01/2023,1.67
04/28/2023,1.56
04/27/2023,1.54
04/26/2023,1.51
04/25/2023,1.47
04/24/2023,1.53
04/21/2023,1.58
04/20/2023,1.56
04/19/2023,1.58
04/18/2023,1.58
04/17/2023,1.57
04/14/2023,1.52
04/13/2023,1.46
04/12/2023,1.44
04/11/2023,1.44
04/10/2023,1.46
04/07/2023,1.46
04/06/2023,1.41
04/05/2023,1.45
04/04/2023,1.48
04/03/2023,1.5
03/31/2023,1.51
03/30/2023,1.54
03/29/2023,1.57
03/28/2023,1.57
03/27/2023,1.62
03/24/2023,1.51
03/23/2023,1.5
03/22/2023,1.5
03/21/2023,1.6
03/20/2023,1.59
03/17/2023,1.57
03/16/2023,1.56
03/15/2023,1.51
03/14/2023,1.57
03/13/2023,1.54
03/10/2023,1.54
03/09/2023,1.71
03/08/2023,1.7
03/07/2023,1.64
03/06/2023,1.61
03/03/2023,1.57
03/02/2023,1.7
03/01/2023,1.68
02/28/2023,1.64
02/27/2023,1.69
02/24/2023,1.7
02/23/2023,1.64
02/22/2023,1.67
02/21/2023,1.69
02/17/2023,1.63
02/16/2023,1.66
02/15/2023,1.63
02/14/2023,1.61
02/13/2023,1.59
02/10/2023,1.61
02/09/2023,1.55
02/08/2023,1.49
02/07/2023,1.55
02/06/2023,1.55
02/03/2023,1.54
02/02/2023,1.46
02/01/2023,1.42
01/31/2023,1.53
01/30/2023,1.46
01/27/2023,1.4
01/26/2023,1.37
01/25/2023,1.41
01/24/2023,1.42
01/23/2023,1.49
01/20/2023,1.51
01/19/2023,1.43
01/18/2023,1.49
01/17/2023,1.57
01/13/2023,1.53
01/12/2023,1.43
01/11/2023,1.51
01/10/2023,1.56
01/09/2023,1.51
01/06/2023,1.53
01/05/2023,1.65
01/04/2023,1.68
01/03/2023,1.72
04/29/2024,2.38
04/26/2024,2.4
04/25/2024,2.44
04/24/2024,2.44
04/23/2024,2.4
04/22/2024,2.39
04/19/2024,2.39
04/18/2024,2.42
04/17/2024,2.39
04/16/2024,2.44
04/15/2024,2.4
04/12/2024,2.3
04/11/2024,2.34
04/10/2024,2.33
04/09/2024,2.21
04/08/2024,2.25
04/05/2024,2.25
04/04/2024,2.2
04/03/2024,2.23
04/02/2024,2.22
04/01/2024,2.2
03/28/2024,2.1
03/27/2024,2.12
03/26/2024,2.16
03/25/2024,2.18
03/22/2024,2.12
03/21/2024,2.16
03/20/2024,2.2
03/19/2024,2.21
03/18/2024,2.22
03/15/2024,2.19
03/14/2024,2.2
03/13/2024,2.11
03/12/2024,2.07
03/11/2024,2.04
03/08/2024,2.02
03/07/2024,2.02
03/06/2024,2
03/05/2024,2
03/04/2024,2.08
03/01/2024,2.07
02/29/2024,2.12
02/28/2024,2.15
02/27/2024,2.19
02/26/2024,2.16
02/23/2024,2.14
02/22/2024,2.21
02/21/2024,2.2
02/20/2024,2.19
02/16/2024,2.18
02/15/2024,2.18
02/14/2024,2.2
02/13/2024,2.22
02/12/2024,2.16
02/09/2024,2.15
02/08/2024,2.14
02/07/2024,2.1
02/06/2024,2.08
02/05/2024,2.12
02/02/2024,2.04
02/01/2024,1.93
01/31/2024,2.02
01/30/2024,2.07
01/29/2024,2.07
01/26/2024,2.13
01/25/2024,2.14
01/24/2024,2.15
01/23/2024,2.12
01/22/2024,2.07
01/19/2024,2.07
01/18/2024,2.09
01/17/2024,2.07
01/16/2024,2.07
01/12/2024,2
01/11/2024,2.03
01/10/2024,2.07
01/09/2024,2.05
01/08/2024,2.03
01/05/2024,2.08
01/04/2024,2.02
01/03/2024,1.95
01/02/2024,1.98
